etymID,initial forms,result, gold
0,#ˌɑbˈɑn̪t̪e#,#avɑ̃#,#avɑ̃#
1,#ˌɑbbˈɑːt̪em#,#abe#,#abe#
2,#ˌɑd̪#,#a#,#a#
3,#ˈɑd̪jɑkem#,#ɛz#,#ɛz#
4,#ˌɑd̪prˈessum#,#apʁɛ#,#apʁɛ#
5,#ˌɑd̪rˈet̪roː#,#aʁjɛʁ#,#aʁjɛʁ#
6,#ˌɑd̪sˈɑt̪is#,#asɛ#,#ase#
7,#ˌɑd̪wokˈɑːt̪um#,#avɔe#,#avwe#
8,#ˌae̯st̪ˈɑːt̪em#,#et̪e#,#et̪e#
9,#ˌae̯t̪ˈɑːt̪ikum#,#ɑʒ#,#ɑʒ#
10,#ˈɑːeːrem#,#ɛʁ#,#ɛʁ#
11,#ˌɑɡn̪ˈellɑm#,#aɲɛl#,#aɲɛl#
12,#ˌɑɡn̪ˈelloːs#,#aɲo#,#aɲo#
13,#ˌɑɡn̪ˈellum#,#aɲɛl#,#aɲo#
14,#ˈɑɡrum#,#ɛʁ#,#ɛʁ#
15,#ˈɑːlɑm#,#ɛl#,#ɛl#
16,#ˌɑlˈɑwd̪ɑm#,#alu#,#alu#
17,#ˌɑlˈɑwsɑm#,#alɔz#,#aloz#
18,#ˈɑlbɑm#,#ob#,#ob#
19,#ˌɑlbiːn̪iˈɑːkum#,#obiɲi#,#obiɲi#
20,#ˈɑlid̪sˌiːk#,#osi#,#osi#
21,#ˌɑlˈiːsiɑm#,#aliz#,#aliz#
22,#ˈɑllioːs#,#o#,#o#
23,#ˈɑllium#,#aj#,#aj#
24,#ˌɑlkˈuːn̪ɑm#,#okyn̪#,#okyn̪#
25,#ˌɑlkˈuːn̪um#,#okœ̃#,#okœ̃#
26,#ˌɑlt̪ˈɑn̪t̪um#,#ot̪ɑ̃#,#ot̪ɑ̃#
27,#ˈɑlt̪erum#,#ot̪ʁ#,#ot̪ʁ#
28,#ˌɑkiˈɑːrium#,#asjɛʁ#,#asje#
29,#ˈɑkin̪um#,#ɛ̃n̪#,#ɛn̪#
30,#ˈɑksem#,#ɛ#,#ɛ#
31,#ˌɑksˈillɑm#,#ɛsɛl#,#ɛsɛl#
32,#ˈɑkwɑm#,#o#,#o#
33,#ˈɑkwɑːs#,#o#,#o#
34,#ˌɑkwˈɑːrium#,#evjɛʁ#,#evje#
35,#ˈɑkwilɑm#,#ɑj#,#aj#
36,#ˈɑln̪um#,#on̪#,#on̪#
37,#ˌɑmˈɑːrɑm#,#amɛʁ#,#amɛʁ#
38,#ˌɑmˈɑːrum#,#amɛʁ#,#amɛʁ#
39,#ˈɑmɑt̪#,#ɛ̃m#,#ɛm#
40,#ˌɑmˈiːkɑm#,#ami#,#ami#
41,#ˌɑmˈiːkɑːs#,#ami#,#ami#
42,#ˌɑmˈiːkoːs#,#ami#,#ami#
43,#ˌɑmˈiːkum#,#ami#,#ami#
44,#ˌɑmˌiːkit̪ˈɑːt̪em#,#amist̪jɛ#,#amit̪je#
45,#ˈɑmplum#,#ɑ̃pl#,#ɑ̃pl#
46,#ˌɑmpˈullɑm#,#ɑ̃pul#,#ɑ̃pul#
47,#ˈɑn̪ɑt̪em#,#ɛ̃n̪#,#an̪#
48,#ˌɑn̪d̪eːkˈɑːn̪eːs#,#ɑ̃ʒɛʁ#,#ɑ̃ʒɛʁ#
49,#ˌɑn̪d̪eːkˈɑːwum#,#ɑ̃ʒu#,#ɑ̃ʒu#
50,#ˌɑn̪ˈellum#,#an̪ɛl#,#an̪o#
51,#ˈɑn̪ɡulum#,#ɑ̃ɡl#,#ɑ̃ɡl#
52,#ˌɑn̪ɡˈust̪iɑm#,#ɑ̃ɡwas#,#ɑ̃ɡwas#
53,#ˌɑn̪ɡˌust̪iˈoːsum#,#ɑ̃ɡwasœ#,#ɑ̃ɡwasø#
54,#ˌɑn̪imɑm#,#om#,#om#
55,#ˌɑn̪imˈɑːliɑ#,#omɑj#,#omaj#
56,#ˈɑn̪korɑm#,#ɑ̃kʁ#,#ɑ̃kʁ#
57,#ˌɑn̪n̪ˈɑːt̪ɑm#,#an̪e#,#an̪e#
58,#ˈɑn̪n̪um#,#ɑ̃#,#ɑ̃#
59,#ˈɑn̪n̪oːs#,#ɑ̃#,#ɑ̃#
60,#ˈɑpium#,#aʃ#,#aʃ#
61,#ˌɑprˈiːlem#,#avʁi#,#avʁil#
62,#ˈɑrbrem#,#aʁbʁ#,#aʁbʁ#
63,#ˌɑrd̪ˈeːsiɑm#,#aʁd̪waz#,#aʁd̪waz#
64,#ˈɑːreɑm#,#ɛʁ#,#ɛʁ#
65,#ˌɑrewˈern̪iɑm#,#ovɛʁɲ#,#ovɛʁɲ#
66,#ˌɑrɡˈen̪t̪um#,#aʁʒɑ̃#,#aʁʒɑ̃#
67,#ˌɑrkˈɑːriɑm#,#aʁʃɛʁ#,#aʁʃɛʁ#
68,#ˌɑrkˈɑːrium#,#aʁʃɛʁ#,#aʁʃe#
69,#ˈɑrkɑm#,#aʁʃ#,#aʁʃ#
70,#ˌɑrkˈellum#,#aʁsɛl#,#aʁso#
71,#ˌɑrkiˈoːn̪em#,#aʁsɔ̃#,#aʁsɔ̃#
72,#ˈɑrkuːm#,#aʁk#,#aʁk#
73,#ˌɑrmɑːt̪ˈuːrɑm#,#aʁmyʁ#,#aʁmyʁ#
74,#ɑrˈoːn̪eɑm#,#aʁɔ̃ɲ#,#ʁɔɲ#
75,#ˈɑrt̪em#,#aʁ#,#aʁ#
76,#ˌɑrt̪ˈikulum#,#aʁt̪ɛj#,#ɔʁt̪ɛj#
77,#ˈɑsin̪um#,#ɑ̃n̪#,#an̪#
78,#ɑt̪ˈɑwiɑm#,#ɛ#,#t̪ɛ#
79,#ˌɑwˈeːn̪ɑm#,#avwin̪#,#avwan̪#
80,#ˌɑwɡˈurium#,#uwaʁ#,#œʁ#
81,#ˌɑwɡust̪od̪ˈuːn̪um#,#ot̪œ̃#,#ot̪œ̃#
82,#ˌɑwɡˈust̪um#,#u#,#ut̪#
83,#ˌɑwikˈelloːs#,#wazo#,#wazo#
84,#ˌɑwikˈellum#,#wazɛl#,#wazo#
85,#ˌɑwiˈoːlɑm#,#ɛjœl#,#ajœl#
86,#ˌɑwiˈoːlum#,#ɛjœl#,#ajœl#
87,#ˌɑwrˈikulɑm#,#ɔʁɛj#,#ɔʁɛj#
88,#ˈɑwrum#,#uʁ#,#ɔʁ#
89,#ˌɑwsˈɑːre#,#ɔzɛʁ#,#oze#
90,#ˌɑwskˌult̪ˈɑːre#,#ɑkuwt̪ɛʁ#,#ekut̪e#
91,#ˈɑwt̪#,#u#,#u#
92,#ˌɑwˈun̪kulum#,#ɔ̃kl#,#ɔ̃kl#
93,#bˈɑd̪iɑm#,#bɛ#,#bɛ#
94,#bˈɑd̪ium#,#bɛ#,#bɛ#
95,#bˈɑkɑm#,#bɛ#,#bɛ#
96,#bˈɑkkum#,#bak#,#bak#
97,#bˈɑln̪eoːs#,#bɛ̃#,#bɛ̃#
98,#bˈɑln̪eum#,#bɛ̃#,#bɛ̃#
99,#bˈɑlsɑmum#,#bom#,#bom#
100,#bˈɑrbɑm#,#baʁb#,#baʁb#
101,#bˈɑrɡɑm#,#baʁʒ#,#baʁʒ#
102,#bˈɑrrɑm#,#baʁ#,#baʁ#
103,#bˈɑssɑm#,#bɑs#,#bɑs#
104,#bˈɑssum#,#ba#,#bɑ#
105,#bˌɑst̪ˈiːre#,#bɑt̪iʁ#,#bɑt̪iʁ#
106,#bˌɑst̪ˈoːn̪em#,#bɑt̪ɔ̃#,#bɑt̪ɔ̃#
107,#bˌɑt̪t̪uˈɑːliɑ#,#bat̪ɑj#,#bat̪aj#
108,#bˈɑt̪t̪uere#,#bat̪ʁ#,#bat̪ʁ#
109,#bˈɑwɑm#,#bu#,#bu#
110,#bˈekkum#,#bɛk#,#bɛk#
111,#bˈellɑm#,#bɛl#,#bɛl#
112,#bˈellɑːs#,#bɛl#,#bɛl#
113,#bˌellit̪ˈɑːt̪em#,#bot̪e#,#bot̪e#
114,#bˈelloːs#,#bo#,#bo#
115,#bˈellum#,#bɛl#,#bo#
116,#bˈen̪e#,#bjɛ̃#,#bjɛ̃#
117,#bˌen̪ed̪ˈikt̪um#,#bə̃n̪wa#,#bən̪wa#
118,#bˈen̪n̪ɑm#,#bɑ̃n̪#,#ban̪#
119,#bˌerbˈiːkem#,#bɛʁbi#,#bʁəbi#
120,#bˈerulɑm#,#bɛʁl#,#bɛʁl#
121,#bˈest̪iɑ#,#bis#,#bis#
122,#bˈiːlium#,#bi#,#bij#
123,#blˈɑn̪kɑm#,#blɑ̃ʃ#,#blɑ̃ʃ#
124,#blˈɑn̪koːs#,#blɑ̃#,#blɑ̃#
125,#blˈɑn̪kum#,#blɑ̃#,#blɑ̃#
126,#bˌombit̪ˈiːre#,#bɔ̃d̪iʁ#,#bɔ̃d̪iʁ#
127,#bˌon̪it̪ˈɑːt̪em#,#bɔ̃t̪e#,#bɔ̃t̪e#
128,#bˌon̪ˈoːn̪iɑm#,#bɔn̪ɔ̃ɲ#,#bulɔɲ#
129,#bˌon̪um#,#bɔ̃#,#bɔ̃#
130,#bˌot̪ˈelloːs#,#bɔo#,#bwajo#
131,#bˌot̪ˈellum#,#bwajɛl#,#bwajo#
132,#bˈowem#,#bœf#,#bœf#
133,#bˈowes#,#bœ#,#bø#
134,#brˈɑːkɑm#,#bʁɛ#,#bʁɛ#
135,#brˈɑkʰiɑm#,#bʁɑs#,#bʁas#
136,#brˈɑkʰium#,#bʁa#,#bʁɑ#
137,#brˈɑn̪d̪um#,#bʁɑ̃#,#bʁɑ̃#
138,#brˈɑn̪kɑm#,#bʁɑ̃ʃ#,#bʁɑ̃ʃ#
139,#brˈɑsɑm#,#bʁɛz#,#bʁɛz#
140,#brˈen̪n̪um#,#bʁɑ̃#,#bʁɑ̃#
141,#brˈewem#,#bʁjɛf#,#bʁɛf#
142,#brˈiːn̪um#,#bʁɛ̃#,#bʁɛ̃#
143,#brˌit̪tˈɑn̪iɑm#,#bʁətɑ̃ɲ#,#bʁət̪aɲ#
144,#brˈoɡilum#,#bʁœj#,#bʁœj#
145,#brˌuːkˈɑriɑm#,#bʁɥijɛʁ#,#bʁɥijɛʁ#
146,#bˈukkɑm#,#buʃ#,#buʃ#
147,#bˈuksit̪ɑm#,#bwat̪#,#bwat̪#
148,#bˈulɡɑm#,#buwʒ#,#buʒ#
149,#bˌulliˈen̪t̪em#,#bujɑ̃#,#bujɑ̃#
150,#bˈun̪d̪ɑm#,#bɔ̃d̪#,#bɔ̃d̪#
151,#bˈurɡum#,#buʁ#,#buʁ#
152,#bˌurriˈoːn̪em#,#buʁʒɔ̃#,#buʁʒɔ̃#
153,#bˈut̪in̪ɑm#,#bɔʁn̪#,#bɔʁn̪#
154,#d̪ˈɑːmum#,#d̪ɛ̃#,#d̪ɛ̃#
155,#d̪ˈɑrd̪um#,#d̪aʁ#,#d̪aʁ#
156,#d̪ˈeːbit̪ɑ#,#d̪ɛt̪#,#d̪ɛt̪#
157,#d̪ˌeˈin̪t̪us#,#d̪ɑ̃#,#d̪ɑ̃#
158,#d̪ˌelfˈiːn̪um#,#d̪ofɛ̃#,#d̪ofɛ̃#
159,#d̪ˌekˈɑːn̪um#,#d̪wajɛ̃#,#d̪wajɛ̃#
160,#d̪ˈekimum#,#d̪ism#,#d̪im#
161,#d̪ˌemˈɑːn̪e#,#d̪ə̃mɛ̃#,#d̪əmɛ̃#
162,#d̪ˌen̪ɑrˈɑːt̪ɑ#,#d̪ə̃ʁe#,#d̪ɑ̃ʁe#
163,#d̪ˈen̪t̪em#,#d̪ɑ̃#,#d̪ɑ̃#
164,#d̪ˈerbit̪ɑːrum#,#d̪ɛʁd̪ʁ#,#d̪aʁt̪ʁ#
165,#d̪ˌeːrˈet̪roː#,#d̪ɛʁjɛʁ#,#d̪ɛʁjɛʁ#
166,#d̪ˌeːsˈuːrsum#,#d̪ezy#,#d̪əsy#
167,#d̪ˈeum#,#d̪jœ#,#d̪jø#
168,#d̪eːˈun̪d̪e#,#d̪ɔ̃#,#d̪ɔ̃#
169,#d̪ˌiːd̪omˈin̪ikɑ#,#d̪imɑ̃ʃ#,#d̪imɑ̃ʃ#
170,#d̪ˈiɡit̪um#,#d̪wa#,#d̪wa#
171,#d̪ˌimˈed̪ium#,#d̪ə̃mi#,#d̪əmi#
172,#d̪iːrˈekt̪ɑm#,#d̪ʁit̪#,#d̪ʁwat̪#
173,#d̪iːrˈekt̪um#,#d̪ʁi#,#d̪ʁwa#
174,#d̪ˌisiuːn̪ˈɑːre#,#d̪in̪ɛʁ#,#d̪in̪e#
175,#d̪ˌisˈoːrd̪in̪em#,#d̪ezɔʁd̪ʁ#,#d̪ezɔʁd̪ʁ#
176,#d̪iˌurn̪ˈɑːt̪ɑm#,#ʒuʁn̪e#,#ʒuɾn̪e#
177,#d̪iˈurn̪oːs#,#ʒuʁ#,#ʒuʁ#
178,#d̪ˌiːwˈiːn̪um#,#d̪vɛ̃#,#d̪əvɛ̃#
179,#d̪ˌiːβiˈoːn̪em#,#d̪iʒɔ̃#,#d̪iʒɔ̃#
180,#d̪ˌolˈoːrem#,#d̪ulœ#,#d̪ulœʁ#
181,#d̪ˈolum#,#d̪œl#,#d̪œj#
182,#d̪ˈomin̪ɑm#,#d̪ɔ̃m#,#d̪am#
183,#d̪ˌomn̪iˈoːn̪em#,#d̪ɔ̃ʒɔ̃#,#d̪ɔ̃ʒɔ̃#
184,#d̪ˌomn̪ikˈellɑm#,#d̪ɔ̃mwazɛl#,#d̪əmwazɛl#
185,#d̪ˈoːɡɑ#,#d̪uv#,#d̪uv#
186,#d̪ˌoːn̪ˈɑːre#,#d̪ɔn̪ɛʁ#,#d̪ɔn̪e#
187,#d̪ˈoːn̪ɑt̪#,#d̪ɔ̃n̪#,#d̪ɔn̪#
188,#d̪ˈoːn̪um#,#d̪ɔ̃#,#d̪ɔ̃#
189,#d̪ˌormˈiːre#,#d̪uʁmiʁ#,#d̪ɔʁmiʁ#
190,#d̪ˈormit̪#,#d̪ɔʁ#,#d̪ɔʁ#
191,#d̪ˌormiːt̪ˈoːrium#,#d̪ɔʁt̪waʁ#,#d̪ɔʁt̪waʁ#
192,#d̪ˈorsum#,#d̪ɔʁ#,#d̪o#
193,#d̪rˈɑppoːs#,#d̪ʁa#,#d̪ʁɑ#
194,#d̪rˈɑppum#,#d̪ʁa#,#d̪ʁɑ#
195,#d̪ˈubit̪um#,#d̪ut̪#,#d̪ut̪#
196,#d̪ˈulkiɑm#,#d̪uws#,#d̪us#
197,#d̪ˈulkium#,#d̪uw#,#d̪u#
198,#d̪uˈoːs#,#d̪œ#,#d̪ø#
199,#d̪ˈuplum#,#d̪ubl#,#d̪ubl#
200,#d̪ˈuːrɑm#,#d̪yʁ#,#d̪yʁ#
201,#d̪ˈuːrɑːs#,#d̪yʁ#,#d̪yʁ#
202,#d̪ˈuːroːs#,#d̪yʁ#,#d̪yʁ#
203,#d̪ˈuːrum#,#d̪yʁ#,#d̪yʁ#
204,#ˈebrium#,#ɛvʁ#,#ivʁ#
205,#ˌeɡoː#,#ɛ#,#ʒə#
206,#ekkehˌɑk#,#sa#,#sa#
207,#ekkehˌiːk#,#si#,#si#
208,#ekkehˌok#,#su#,#sə#
209,#ekkeˌillɑ#,#sɛl#,#sɛl#
210,#ekkeˌillɑːs#,#sɛl#,#sɛl#
211,#ekkeˌilloːs#,#sœ#,#sø#
212,#ekkeˌillum#,#sɛl#,#sə#
213,#ekkeˌist̪ɑm#,#set̪#,#sɛt̪#
214,#ekkeˌist̪um#,#se#,#sə#
215,#ekkeˌist̪oːs#,#se#,#se#
216,#ˌeksˈɑɡium#,#ɛsɛ#,#ɛsɛ#
217,#ˌeksˈɑːmen̪#,#ɛsɛ̃#,#ɛsɛ̃#
218,#ˌeksfrˌuːkt̪ˈɑːre#,#efʁɥit̪ɛʁ#,#efʁit̪e#
219,#ˌekskˈort̪ikˈɑːre#,#ekɔʁʃɛʁ#,#ekɔʁʃe#
220,#ˌekst̪rˈɑːn̪eum#,#et̪ʁɛ̃#,#et̪ʁɑ̃ʒ#
221,#ˈekwɑ#,#iv#,#iv#
222,#ˈeːsiɑm#,#waz#,#waz#
223,#ˌet̪#,#e#,#e#
224,#fˈɑbɑ#,#fɛv#,#fɛv#
225,#fˈɑːbrikɑm#,#fɔʁʒ#,#fɔʁʒ#
226,#fˈɑɡum#,#fu#,#fu#
227,#fˈɑlsɑm#,#fos#,#fos#
228,#fˈɑlsum#,#fo#,#fo#
229,#fˈɑkere#,#fɛʁ#,#fɛʁ#
230,#fˈɑkiɑ#,#fɑs#,#fas#
231,#fˈɑkiɑm#,#fɑs#,#fas#
232,#fˌɑkt̪iˈoːn̪em#,#fasɔ̃#,#fasɔ̃#
233,#fˈɑkt̪um#,#fɛ#,#fɛ#
234,#fˈɑmem#,#fɛ̃#,#fɛ̃#
235,#ɸˌɑːsiˈɑːn̪um#,#fɛzɛ̃#,#fəzɑ̃#
236,#fˌɑskˈellum#,#fɛsɛl#,#feso#
237,#fˈɑskem#,#fɛ#,#fe#
238,#fˌɑt̪ˈuːt̪um#,#fy#,#fø#
239,#fˈebrem#,#fɛvʁ#,#fjɛvʁ#
240,#fˌebruˈɑːrium#,#fevʁjɛʁ#,#fevʁije#
241,#fˈel#,#fjɛl#,#fjɛl#
242,#fˈeːmin̪ɑm#,#fɑ̃m#,#fam#
243,#fˈeːn̪um#,#fɛ̃#,#fwɛ̃#
244,#fˈeːriɑ#,#fwaʁ#,#fwaʁ#
245,#fˈerɑm#,#fjɛʁ#,#fjɛʁ#
246,#fˈerrum#,#fɛʁ#,#fɛʁ#
247,#fˈerum#,#fjɛʁ#,#fjɛʁ#
248,#fˈest̪ɑm#,#fɛt̪#,#fɛt̪#
249,#fˈikɑt̪um#,#fwa#,#fwa#
250,#fˈid̪em#,#fwa#,#fwa#
251,#fˈiːliɑm#,#fij#,#fij#
252,#fˌiːlikˈellɑm#,#fiwsɛl#,#fisɛl#
253,#fˌiːlˈiolɑm#,#fijœl#,#fijœl#
254,#fˌiːlˈiolum#,#fijœl#,#fijœl#
255,#fˈiːlius#,#fiw#,#fis#
256,#fˈiːlum#,#fi#,#fil#
257,#fˌimˈɑːrium#,#fə̃mjɛʁ#,#fymje#
258,#fˈin̪d̪ere#,#fɑ̃d̪ʁ#,#fɑ̃d̪ʁ#
259,#fˈin̪d̪it̪ɑm#,#fɑ̃t̪#,#fɑ̃t̪#
260,#fˈiːn̪em#,#fɛ̃#,#fɛ̃#
261,#fˈin̪kt̪um#,#fɛ̃#,#fɛ̃#
262,#fˈirmɑm#,#fɛʁm#,#fɛʁm#
263,#fˌirmˈɑːre#,#fɛʁmɛʁ#,#fɛʁme#
264,#flˌɑɡˈelloːs#,#flejo#,#fleo#
265,#flˌɑɡˈellum#,#flejɛl#,#fleo#
266,#flˈɑwɑm#,#flu#,#flu#
267,#flˈɑwum#,#flu#,#flu#
268,#flˈeːbilem#,#flɛbl#,#fɛbl#
269,#fˈoliɑ#,#fœj#,#fœj#
270,#fˈollem#,#fɔl#,#fu#
271,#fˈolleːs#,#fu#,#fu#
272,#fˌokˈiːlem#,#fwazi#,#fyzi#
273,#fˈokum#,#fœ#,#fø#
274,#fˌon̪t̪ˈɑːn̪ɑm#,#fɔ̃t̪ɛ̃n̪#,#fɔ̃t̪ɛn̪#
275,#fˌorˈest̪em#,#fɔʁɛ#,#fɔʁe#
276,#fˈoriɑm#,#fɥiʁ#,#fwɑʁ#
277,#fˌormˈɑːt̪ikum#,#fuʁmaʒ#,#fʁomaʒ#
278,#fˌormˈiːkum#,#fuʁmi#,#fuʁmi#
279,#fˈort̪em#,#fɔʁ#,#fɔʁ#
280,#fˈort̪iɑ#,#fɔʁs#,#fɔʁs#
281,#fˈossɑm#,#fɔs#,#fos#
282,#fˌossˈɑːt̪um#,#fɔse#,#fɔse#
283,#frˈɑɡilem#,#fʁɛl#,#fʁɛl#
284,#frˈɑn̪kɑm#,#fʁɑ̃ʃ#,#fʁɑ̃ʃ#
285,#frˈɑn̪kiɑm#,#fʁɑ̃s#,#fʁɑ̃s#
286,#frˈɑn̪koːs#,#fʁɑ̃#,#fʁɑ̃#
287,#frˈɑn̪kum#,#fʁɑ̃#,#fʁɑ̃#
288,#frˈɑksin̪um#,#fʁɛ̃n̪#,#fʁɛn̪#
289,#frˈɑːt̪rem#,#fʁɛʁ#,#fʁɛʁ#
290,#frˈiɡid̪ɑm#,#fʁwad̪#,#fʁwad̪#
291,#frˈiɡid̪um#,#fʁwa#,#fʁwa#
292,#frˈiːkt̪iˈoːn̪em#,#fʁisɔ̃#,#fʁisɔ̃#
293,#frˈuːkt̪um#,#fʁɥi#,#fʁɥi#
294,#fˈuːɡit̪ɑm#,#fɥit̪#,#fɥit̪#
295,#fˈulɡerem#,#fuwd̪ʁ#,#fud̪ʁ#
296,#fˌuːmˈɑːre#,#fymɛʁ#,#fyme#
297,#fˌun̪d̪ˈɑːre#,#fɔ̃d̪ɛʁ#,#fɔ̃d̪e#
298,#fˈun̪d̪us#,#fɔ̃#,#fɔ̃#
299,#fˈuːst̪em#,#fy#,#fy#
300,#ɡˈɑlbin̪um#,#ʒon̪#,#ʒon̪#
301,#ɡˈɑmbɑm#,#ʒɑ̃b#,#ʒɑ̃b#
302,#ɡˌɑrd̪ˈiːn̪um#,#ʒaʁd̪ɛ̃#,#ʒaʁd̪ɛ̃#
303,#ɡˈɑwd̪iɑm#,#ʒwa#,#ʒwɑ#
304,#ɡˈɑwt̪ɑ#,#ʒu#,#ʒu#
305,#ɡˌemˈelloːs#,#ʒə̃mo#,#ʒymo#
306,#ɡˈen̪erum#,#ʒɑ̃d̪ʁ#,#ʒɑ̃d̪ʁ#
307,#ɡˈen̪t̪em#,#ʒɑ̃#,#ʒɑ̃#
308,#ɡˈen̪t̪eːs#,#ʒɑ̃#,#ʒɑ̃#
309,#ɡˌen̪ˈukuloːs#,#ʒə̃n̪uw#,#ʒən̪u#
310,#ɡˌen̪ˈukulum#,#ʒə̃n̪u#,#ʒən̪u#
311,#ɡeˈorɡius#,#ʒɔʁʒ#,#ʒɔʁʒ#
312,#ɡlˈɑkiɑ#,#ɡlɑs#,#ɡlas#
313,#ɡlˈuːt̪em#,#ɡly#,#ɡly#
314,#ɡrˈɑkilem#,#ɡʁɛl#,#ɡʁɛl#
315,#ɡrˈɑːn̪ɑ#,#ɡʁɛ̃n̪#,#ɡʁɛn̪#
316,#ɡrˈɑn̪d̪em#,#ɡʁɑ̃#,#ɡʁɑ̃#
317,#ɡrˈɑːn̪ikɑm#,#ɡʁɑ̃ʃ#,#ɡʁɑ̃ʃ#
318,#ɡrˈɑːn̪um#,#ɡʁɛ̃#,#ɡʁɛ̃#
319,#ɡrˈɑɸium#,#ɡʁaʒ#,#ɡʁɛf#
320,#ɡrˈɑːt̪um#,#ɡʁe#,#ɡʁe#
321,#ɡrˈossum#,#ɡʁɔ#,#ɡʁo#
322,#ɡrˈuːɑ#,#ɡʁy#,#ɡʁy#
323,#ɡˈulɑm#,#ɡœl#,#ɡœl#
324,#ɡˈulbiɑm#,#ɡuwʒ#,#ɡuʒ#
325,#ɡˈummɑ#,#ɡɔ̃m#,#ɡɔm#
326,#ɡˈust̪um#,#ɡu#,#ɡu#
327,#ɡˈut̪t̪ɑm#,#ɡut̪#,#ɡut̪#
328,#hˌɑbˈeːre#,#avwaʁ#,#avwaʁ#
329,#hˈɑbeo#,#aʒ#,#e#
330,#heːmˈiːn̪ɑm#,#min̪#,#min̪#
331,#hˈeːrem#,#waʁ#,#waʁ#
332,#hˈeri#,#jɛʁ#,#ijɛʁ#
333,#hˌiːbˈern̪um#,#ivɛʁ#,#ivɛʁ#
334,#hiˌerˈoːn̪ymum#,#ʒeʁɔ̃m#,#ʒeʁom#
335,#hˈiːk#,#i#,#i#
336,#hˈod̪ieː#,#ɥi#,#ɥi#
337,#hˈomin̪em#,#ɔ̃m#,#ɔm#
338,#hˌon̪ˈoːrem#,#ɔn̪œ#,#ɔn̪œʁ#
339,#hˈoːrɑm#,#œʁ#,#œʁ#
340,#hˈord̪eum#,#ɔʁʒ#,#ɔʁʒ#
341,#hˈospit̪em#,#o#,#ot̪#
342,#hˌospit̪ˈɑːle#,#ot̪ɛl#,#ɔt̪ɛl#
343,#iˈɑket̪#,#ʒi#,#ʒi#
344,#iˌɑːn̪uˈɑːrium#,#ʒɑ̃vjɛʁ#,#ʒɑ̃vje#
345,#iˌeːiˈuːn̪ium#,#ʒœ̃#,#ʒœn̪#
346,#illˌɑk#,#la#,#la#
347,#ˈillɑm#,#ɛl#,#ɛl#
348,#illˌɑm#,#la#,#la#
349,#illɑːs#,#la#,#le#
350,#ˈilliː#,#i#,#il#
351,#illˈoːrum#,#lœʁ#,#lœʁ#
352,#illoːs#,#le#,#le#
353,#ˈilloːs#,#œ#,#ø#
354,#illˈuːi#,#ly#,#lɥi#
355,#illum#,#l#,#lə#
356,#ˌimperɑːt̪ˈoːrem#,#ɑ̃pʁœ#,#ɑ̃pʁœʁ#
357,#ˌin̪#,#ɑ̃#,#ɑ̃#
358,#ˌin̪d̪e#,#ɑ̃#,#ɑ̃#
359,#ˌin̪fˈern̪um#,#ɑ̃fɛʁ#,#ɑ̃fɛʁ#
360,#ˌin̪ɡˈen̪ioːs#,#ɑ̃ʒɛ̃#,#ɑ̃ʒɛ̃#
361,#ˌin̪ɡˈen̪ium#,#ɑ̃ʒɛ̃#,#ɑ̃ʒɛ̃#
362,#ˌin̪kˈɑn̪t̪ɑːmˈen̪t̪um#,#ɑ̃ʃɑ̃t̪mɑ̃#,#ɑ̃ʃɑ̃t̪əmɑ̃#
363,#ˌin̪sˈiɡn̪iɑ#,#ɑ̃sɛ̃ɲ#,#ɑ̃sɛɲ#
364,#ˌin̪sˌimul#,#ɑ̃sɑ̃bl#,#ɑ̃sɑ̃bl#
365,#ˈin̪sulɑ#,#il#,#il#
366,#ˈin̪t̪eɡrɑm#,#ɑ̃t̪jɛʁ#,#ɑ̃t̪jɛʁ#
367,#ˈin̪t̪eɡrum#,#ɑ̃t̪jɛʁ#,#ɑ̃t̪je#
368,#ˌin̪t̪er#,#ɑ̃t̪ʁ#,#ɑ̃t̪ʁ#
369,#ˌin̪t̪rˈɑliɑ#,#ɑ̃t̪ʁɑj#,#ɑ̃t̪ʁaj#
370,#iˈokum#,#ʒœ#,#ʒø#
371,#iˌowisd̪ˈiːem#,#ʒød̪i#,#ʒød̪i#
372,#iˈuːd̪ikem#,#ʒys#,#ʒyʒ#
373,#iˈuɡum#,#ʒuw#,#ʒu#
374,#iˌun̪ˈiːkiɑ#,#ʒɔn̪is#,#ʒen̪is#
375,#iˈuːn̪ium#,#ʒyj̃n̪#,#ʒɥɛ̃#
376,#iˈuːs#,#ʒy#,#ʒy#
377,#iˈuwen̪em#,#ʒœ̃n̪#,#ʒœn̪#
378,#iˌuwen̪kˈellɑm#,#ʒuvɑ̃sɛl#,#ʒuvɑ̃sɛl#
379,#iˌuwen̪kˈellum#,#ʒuvɑ̃sɛl#,#ʒuvɑ̃so#
380,#kˌɑbˈɑllum#,#ʃval#,#ʃəval#
381,#kˌɑbˈɑlloːs#,#ʃvo#,#ʃəvo#
382,#kˌɑd̪ˈen̪t̪iɑm#,#ʃɑ̃s#,#ʃɑ̃s#
383,#kˈae̯kum#,#sjœ#,#sjø#
384,#kˈae̯lum#,#sjɛl#,#sjɛl#
385,#kˈae̯loːs#,#sjœ#,#sjø#
386,#kˌae̯refˈolium#,#sɛʁfœj#,#sɛʁfœj#
387,#kˌɑkid̪ˈoːsum#,#ʃɛzœ#,#ʃasjø#
388,#kˌɑkkˈiːt̪ɑm#,#ʃasi#,#ʃasi#
389,#kˌɑlˈeːre#,#ʃalwaʁ#,#ʃalwaʁ#
390,#kˈɑlid̪um#,#ʃo#,#ʃo#
391,#kˈɑlid̪ɑm#,#ʃod̪#,#ʃod̪#
392,#kˈɑlks#,#ʃo#,#ʃo#
393,#kˌɑlˈoːrem#,#ʃalœ#,#ʃalœʁ#
394,#kˈɑlwɑm#,#ʃov#,#ʃov#
395,#kˌɑmˈellum#,#ʃamɛl#,#ʃamo#
396,#kˈɑmerɑm#,#ʃɑ̃bʁ#,#ʃɑ̃bʁ#
397,#kˌɑmˈiːsiɑm#,#ʃə̃miz#,#ʃəmiz#
398,#kˌɑmˈiːn̪um#,#ʃə̃mɛ̃#,#ʃəmɛ̃#
399,#kˌɑmˈoːxsum#,#ʃamwa#,#ʃamwa#
400,#kˌɑmpˈɑːn̪iɑm#,#ʃɑ̃pɑ̃ɲ#,#ʃɑ̃paɲ#
401,#kˌɑmpin̪iˈoːn̪em#,#ʃɑ̃piɲɔ̃#,#ʃɑ̃piɲɔ̃#
402,#kˈɑmpum#,#ʃɑ̃#,#ʃɑ̃#
403,#kˌɑn̪ˈɑːlem#,#ʃə̃n̪ɛl#,#ʃən̪al#
404,#kˈɑn̪ɑm#,#ʃɛ̃n̪#,#ʃjɛn̪#
405,#kˈɑn̪em#,#ʃɛ̃#,#ʃjɛ̃#
406,#kˌɑn̪d̪elˈoːrum#,#ʃɑ̃d̪lœ#,#ʃɑ̃d̪əlœʁ#
407,#kˌɑːn̪ˈuːt̪um#,#ʃə̃n̪y#,#ʃən̪y#
408,#kˌɑːn̪ˈuːt̪ɑm#,#ʃə̃n̪y#,#ʃən̪y#
409,#kˌɑpˈillum#,#ʃvɛl#,#ʃəvø#
410,#kˌɑpˈilloːs#,#ʃvœ#,#ʃəvø#
411,#kˌɑpˈit̪ium#,#ʃəvwa#,#ʃəve#
412,#kˈɑppɑm#,#ʃap#,#ʃap#
413,#kˌɑppˈellɑm#,#ʃapɛl#,#ʃapɛl#
414,#kˌɑppˈellum#,#ʃapɛl#,#ʃapo#
415,#kˈɑprɑm#,#ʃɛvʁ#,#ʃɛvʁ#
416,#kˈɑpum#,#ʃɛf#,#ʃɛf#
417,#kˈɑrolus#,#ʃaʁ#,#ʃaʁl#
418,#kˈɑrkerem#,#ʃaʁt̪ʁ#,#ʃaʁt̪ʁ#
419,#kˌɑrˈoːn̪eɑm#,#ʃaʁɔ̃ɲ#,#ʃaʁɔɲ#
420,#kˈɑrpin̪um#,#ʃaʁm#,#ʃaʁm#
421,#kˌɑrrˈuːkɑm#,#ʃaʁy#,#ʃaʁy#
422,#kˈɑːrɑm#,#ʃɛʁ#,#ʃɛʁ#
423,#kˌɑːrit̪ˈɑːt̪em#,#ʃaʁt̪e#,#ʃɛʁt̪e#
424,#kˈɑrrikɑm#,#ʃaʁʒ#,#ʃaʁʒ#
425,#kˌɑrrikˈɑːre#,#ʃaʁʒɛʁ#,#ʃaʁʒe#
426,#kˌɑrrikˈɑːt̪ɑm#,#ʃaʁʒɛ#,#ʃaʁʒe#
427,#kˈɑrrum#,#ʃaʁ#,#ʃaʁ#
428,#kˈɑrt̪un̪eːs#,#ʃaʁt̪ʁ#,#ʃaʁt̪ʁ#
429,#kˈɑːrum#,#ʃɛʁ#,#ʃɛʁ#
430,#kˌɑst̪ˈɑn̪eɑm#,#ʃɑt̪ɑ̃ɲ#,#ʃɑt̪ɛɲ#
431,#kˌɑst̪ˈellum#,#ʃɑt̪ɛl#,#ʃɑt̪o#
432,#kˈɑsum#,#ʃɛ#,#ʃe#
433,#kˌɑt̪ˈeːn̪ɑm#,#ʃɛ̃n̪#,#ʃɛn̪#
434,#kˈɑt̪t̪ɑm#,#ʃat̪#,#ʃat̪#
435,#kˈɑt̪t̪um#,#ʃa#,#ʃa#
436,#kˈɑt̪ʰed̪rɑm#,#ʃɛʁ#,#ʃɛz#
437,#kˌɑwˈɑn̪n̪um#,#ʃuwɑ̃#,#ʃwɑ̃#
438,#kˌɑweˈolɑ#,#ʃwajœl#,#ʒol#
439,#kˌɑːwˈikulɑm#,#ʃvɛj#,#ʃəvij#
440,#kˈɑwlis#,#ʃuw#,#ʃu#
441,#kˈɑwsɑm#,#ʃɔz#,#ʃoz#
442,#kˌebˈen̪nɑs#,#sevɑ̃n#,#sevɛn̪#
443,#kˈen̪t̪um#,#sɑ̃#,#sɑ̃#
444,#kˈeːrɑm#,#siʁ#,#siʁ#
445,#kˌerebˈellɑm#,#sɛʁvɛl#,#sɛʁvɛl#
446,#kˌerebˈellum#,#sɛʁvɛl#,#sɛʁvo#
447,#kˈeːreum#,#siʁ#,#sjɛʁʒ#
448,#kˈert̪ɑm#,#sɛʁt̪#,#sɛʁt̪#
449,#kˌert̪ˈɑːn̪ɑm#,#sɛʁt̪ɛ̃n̪#,#sɛʁt̪ɛn̪#
450,#kˌert̪ˈɑːn̪um#,#sɛʁt̪ɛ̃#,#sɛʁt̪ɛ̃#
451,#kˌerwˈeːsiɑm#,#sɛʁvwaz#,#sɛʁvwaz#
452,#kˈerwum#,#sɛʁ#,#sɛʁ#
453,#kˈin̪ɡulɑ#,#sɑ̃ɡl#,#sɑ̃ɡl#
454,#kˌin̪kt̪ˈuːrɑm#,#sɛ̃t̪yʁ#,#sɛ̃t̪yʁ#
455,#kˈippum#,#sɛ#,#sɛp#
456,#kˈirkin̪um#,#sɛʁn̪#,#sɛʁn̪#
457,#kˈirkulum#,#sɛʁkl#,#sɛʁkl#
458,#kˌiːwit̪ˈɑːt̪em#,#sit̪e#,#sit̪e#
459,#klˈɑːrɑm#,#klɛʁ#,#klɛʁ#
460,#klˈɑːrum#,#klɛʁ#,#klɛʁ#
461,#klˈɑssum#,#kla#,#ɡlɑ#
462,#klˈɑːwem#,#klɛf#,#kle#
463,#klˈɑːwum#,#klu#,#klu#
464,#klˈeːt̪ɑ#,#klɛ#,#klɛ#
465,#kˈoːd̪ɑm#,#kœ#,#kø#
466,#kˌohˈort̪em#,#kuɔʁ#,#kuʁ#
467,#kˈoːleɑ#,#kuj#,#kuj#
468,#kˈolloːs#,#ku#,#ku#
469,#kˈollum#,#kɔl#,#ku#
470,#kˈolpoːs#,#ku#,#ku#
471,#kˈolpum#,#ku#,#ku#
472,#kˈolubrɑm#,#kuluvʁ#,#kulœvʁ#
473,#kˌolˈukulɑ#,#kuluj#,#kən̪uj#
474,#kˌolˈumbɑ#,#kulɔ̃b#,#kolɔ̃b#
475,#kˈokkum#,#kɔk#,#kɔk#
476,#kˌokʰleˈɑːrium#,#kɥijɛʁ#,#kɥijɛʁ#
477,#kˈoksɑ#,#kɥis#,#kɥis#
478,#kˈokwus#,#kœ#,#kø#
479,#kˈomit̪em#,#kɔ̃t̪#,#kɔ̃t̪#
480,#kˌommeˈɑːt̪um#,#kɔ̃ʒɛ#,#kɔ̃ʒe#
481,#kˌommˈuːn̪em#,#kɔmœ̃#,#kɔmœ̃#
482,#kˌompˈɑːn̪iɑ#,#kɔ̃pɑ̃ɲ#,#kɔ̃paɲ#
483,#kˌompˈɑːn̪ioː#,#kɔ̃pɛ̃#,#kɔpɛ̃#
484,#kˌompˈɑːn̪iˈoːn̪em#,#kɔ̃paɲɔ̃#,#kɔ̃paɲɔ̃#
485,#kˈomput̪um#,#kɔ̃t̪#,#kɔ̃t̪#
486,#kˌon̪sˈilium#,#kɔ̃sɛj#,#kɔ̃sej#
487,#kˈoːn̪sueːt̪ˈuːd̪imen̪#,#kut̪ym#,#kut̪ym#
488,#kˈon̪t̪rɑː#,#kɔ̃t̪ʁ#,#kɔ̃t̪ʁ#
489,#kˈor#,#kœʁ#,#kœʁ#
490,#kˈorn̪ɑm#,#kɔʁn̪#,#kɔʁn̪#
491,#kˈorium#,#kɥiʁ#,#kɥiʁ#
492,#kˌorˈoːn̪ɑm#,#kuʁɔ̃n̪#,#kuʁɔn̪#
493,#kˈorpus#,#kɔʁ#,#kɔʁ#
494,#kˌorrˈiɡiɑ#,#kuʁwa#,#kuʁwa#
495,#kˌorroɡˈɑːt̪ɑm#,#kuʁve#,#kɔʁve#
496,#kˈost̪ɑm#,#kot̪#,#kot̪#
497,#kˌost̪ˈɑːt̪um#,#kot̪e#,#kot̪e#
498,#krˈɑssɑm#,#kʁɑs#,#ɡʁɑs#
499,#krˈɑssɑːs#,#kʁas#,#ɡʁɑs#
500,#krˈɑssiɑ#,#kʁɛs#,#ɡʁɛs#
501,#krˈɑssoːs#,#kʁa#,#ɡʁɑ#
502,#krˈɑssum#,#kʁa#,#ɡʁɑ#
503,#krˌɑːt̪ˈiːkulɑ#,#kʁij#,#ɡʁij#
504,#krˈeːd̪is#,#kʁwa#,#kʁwa#
505,#krˌeːskˈen̪t̪em#,#kʁwasɑ̃#,#kʁwasɑ̃#
506,#krˈeːt̪ɑm#,#kʁɛ#,#kʁɛ#
507,#krˈuːd̪ɑm#,#kʁy#,#kʁy#
508,#krˈuːd̪ɑːs#,#kʁy#,#kʁy#
509,#krˈuːd̪oːs#,#kʁy#,#kʁy#
510,#krˈuːd̪um#,#kʁy#,#kʁy#
511,#krˈukem#,#kʁwa#,#kʁwa#
512,#krˈust̪ɑm#,#kʁut̪#,#kʁut̪#
513,#kˌukˈullɑm#,#kul#,#kul#
514,#kˌukˈullum#,#ku#,#kul#
515,#kˌulpˈɑːbilem#,#kuwpabl#,#kupabl#
516,#kˈuːlum#,#ky#,#ky#
517,#kˈuːloːs#,#kyw#,#ky#
518,#kˈumbɑm#,#kɔ̃b#,#kɔ̃b#
519,#kˈumulum#,#kɔ̃bl#,#kɔ̃bl#
520,#kˌun̪eˈɑːt̪ɑm#,#kɔɲɛ#,#kɔɲe#
521,#kˈun̪eum#,#kwɛ̃#,#kwɛ̃#
522,#kˈuːpɑm#,#kyv#,#kyv#
523,#kˈuppɑm#,#kup#,#kup#
524,#kˈuːpreum#,#kɥivʁ#,#kɥivʁ#
525,#kˈursum#,#kuʁ#,#kuʁ#
526,#kwˌɑd̪rɑːɡˈin̪t̪ɑm#,#kaʁɑ̃t̪#,#kaʁɑ̃t̪#
527,#kwˌɑd̪rifˈurkum#,#kaʁvuʁ#,#kaʁfuʁ#
528,#kwˈae̯sit̪um#,#kɛ#,#kɛt̪#
529,#kwˈɑːle#,#kɛl#,#kɛl#
530,#kwˈɑːlem#,#kɛl#,#kɛl#
531,#kwˈɑn̪d̪oː#,#kɑ̃#,#kɑ̃#
532,#kwˈɑn̪t̪um#,#kɑ̃#,#kɑ̃#
533,#kwˈɑt̪t̪uor#,#kat̪ʁ#,#kat̪ʁ#
534,#kwˌɑt̪t̪uˈord̪ekim#,#kat̪ɔʁz#,#kat̪ɔʁz#
535,#kwem#,#k#,#kə#
536,#kwˌerkwˈed̪ulɑm#,#sɛʁkɛl#,#saʁsɛl#
537,#kwˈiː#,#ki#,#ki#
538,#kwˌiː#,#ki#,#ki#
539,#kwˈid̪#,#kwa#,#kwa#
540,#kwiˈeːt̪um#,#kwa#,#kwa#
541,#kwˈiːn̪d̪ekim#,#kɛ̃z#,#kɛ̃z#
542,#kwˈiːn̪kwe#,#sɛ̃k#,#sɛ̃k#
543,#kwˈiːn̪kwɑːɡˈin̪t̪ɑm#,#sɛ̃kɑ̃t̪#,#sɛ̃kɑ̃t̪#
544,#kwˌiːn̪t̪ˈɑːn̪ɑm#,#kɛ̃t̪ɛ̃n̪#,#kɛ̃t̪ɛn̪#
545,#kwˈiːn̪t̪um#,#kɛ̃#,#kɛ̃#
546,#kwˌid̪#,#ke#,#kə#
547,#kwˈoːmod̪o#,#kɔ̃m#,#kɔm#
548,#lˈɑbrɑm#,#lavʁ#,#lɛvʁ#
549,#lˈae̯t̪it̪iɑ#,#ljɛs#,#ljɛs#
550,#lˈɑːikum#,#lajj#,#lɛ#
551,#lˈɑkrimɑm#,#lɛʁm#,#laʁm#
552,#lˌɑksˈɑːre#,#lɛsɛʁ#,#lɛse#
553,#lˈɑkt̪em#,#lɛ#,#lɛ#
554,#lˌɑkt̪ˈuːkɑm#,#lɛt̪y#,#let̪y#
555,#lˈɑkweum#,#la#,#la#
556,#lˈɑmin̪ɑm#,#lɑ̃m#,#lam#
557,#lˈɑmpɑd̪ɑ#,#lɑ̃p#,#lɑ̃p#
558,#lˌɑmprˈeːd̪ɑm#,#lɑ̃pʁwa#,#lɑ̃pʁwa#
559,#lˈɑːn̪ɑm#,#lɛ̃n̪#,#lɛn̪#
560,#lˈɑn̪d̪ɑm#,#lɑ̃d̪#,#lɑ̃d̪#
561,#lˈɑn̪eɑ#,#lɑ̃ɲ#,#lɑ̃ʒ#
562,#lˈɑn̪keɑm#,#lɑ̃s#,#lɑ̃s#
563,#lˌɑn̪t̪ˈern̪ɑm#,#lɑ̃t̪ɛʁn̪#,#lɑ̃t̪ɛʁn̪#
564,#lˈɑːrid̪um#,#laʁ#,#laʁ#
565,#lˈɑssɑm#,#lɑs#,#lɑs#
566,#lˈɑssum#,#la#,#lɑ#
567,#lˈɑt̪iɑm#,#lɛz#,#lɛz#
568,#lˌɑːt̪roːkˈin̪ium#,#laʁsɛ̃#,#laʁsɛ̃#
569,#lˌɑt̪rˈoːn̪em#,#laʁɔ̃#,#laʁɔ̃#
570,#lˈɑt̪us#,#lɛ#,#le#
571,#lˌɑwd̪ˈɑːre#,#luwaʁ#,#lwe#
572,#lˈɑwkkɑm#,#lɔʃ#,#lɔʃ#
573,#lˌɑwˈɑːre#,#lavɛʁ#,#lave#
574,#lˌɑwrˈɑːrium#,#lɔʁjɛʁ#,#lɔʁje#
575,#lˈɑːzɑːrum#,#lɑd̪ʁ#,#lad̪ʁ#
576,#lˌeːɡˈɑːlem#,#lwajɛl#,#lwajal#
577,#lˌeːɡˈɑːleːs#,#lwajo#,#lwajo#
578,#lˈeːɡem#,#lwa#,#lwa#
579,#lˈekt̪um#,#li#,#li#
580,#lˈen̪d̪it̪em#,#lɑ̃#,#lɑ̃t̪#
581,#lˈen̪t̪ɑm#,#lɑ̃t̪#,#lɑ̃t̪#
582,#lˈen̪t̪um#,#lɑ̃#,#lɑ̃#
583,#lˌeporˈɑːrium#,#levʁjɛʁ#,#levʁije#
584,#lˈeporem#,#ljɛvʁ#,#ljɛvʁ#
585,#lˈessum#,#lɛ#,#lɛ#
586,#lˈeukɑm#,#ljœ#,#ljø#
587,#lˌewˈɑːmen̪#,#lvɛ̃#,#ləvɛ̃#
588,#lˌiːbˈellum#,#livɛl#,#n̪ivo#
589,#lˈiːbrɑm#,#livʁ#,#livʁ#
590,#lˈiːɡɑm#,#li#,#li#
591,#lˌiɡˈɑːmen̪#,#lwajɛ̃#,#ljɛ̃#
592,#lˌikˈeːre#,#lwaziʁ#,#lwaziʁ#
593,#lˈiːmɑm#,#lim#,#lim#
594,#lˌiːmˈɑːre#,#limɛʁ#,#lime#
595,#lˈiːmit̪em#,#lɛ̃t̪#,#lɛ̃t̪#
596,#lˈiːn̪eɑm#,#liɲ#,#liɲ#
597,#lˌiːn̪eˈɑːt̪ɑm#,#lɛɲɛ#,#liɲe#
598,#lˈin̪ɡon̪eːs#,#lɑ̃ɡʁ#,#lɑ̃ɡʁ#
599,#lˌin̪t̪eˈolum#,#lɑ̃sœl#,#lɛ̃sœl#
600,#lˈiːn̪um#,#lɛ̃#,#lɛ̃#
601,#lˌin̪ɡwˈɑːt̪ikum#,#lɑ̃ɡaʒ#,#lɑ̃ɡaʒ#
602,#lˈin̪ɡwɑm#,#lɑ̃ɡ#,#lɑ̃ɡ#
603,#lˈit̪t̪erɑm#,#lɛt̪ʁ#,#lɛt̪ʁ#
604,#lˌokˈɑːre#,#luɛʁ#,#lwe#
605,#lˌokˈɑːrium#,#lwajɛʁ#,#lwaje#
606,#lˈokum#,#ljœ#,#ljø#
607,#lˈon̪d̪in̪eːs#,#lɔ̃d̪ʁ#,#lɔ̃d̪ʁ#
608,#lˈon̪ɡeː#,#lwɛ̃#,#lwɛ̃#
609,#lˌon̪ɡit̪ˈɑːn̪um#,#lwɛ̃t̪ɛ̃#,#lwɛ̃t̪ɛ̃#
610,#lˈon̪ɡoːs#,#lɔ̃#,#lɔ̃#
611,#lˈon̪ɡum#,#lɔ̃k#,#lɔ̃#
612,#lˈot̪t̪ɑm#,#lɔt̪#,#lɔt̪#
613,#lˌuːkˈoːrem#,#lyœʁ#,#lɥœʁ#
614,#lˌuːmin̪ˈɑːriɑm#,#lœ̃mjɛʁ#,#lymjɛʁ#
615,#lˌuːn̪isd̪ˈiːem#,#lœ̃d̪i#,#lœ̃d̪i#
616,#lˈuːn̪ɑm#,#lyn̪#,#lyn̪#
617,#lˈupɑm#,#luv#,#luv#
618,#lˈuskɑm#,#luʃ#,#luʃ#
619,#mˈɑɡid̪em#,#mɛ#,#mɛ#
620,#mˈɑɡis#,#mɛ#,#mɛ#
621,#mˌɑɡˈist̪er#,#mɛjit̪ʁ#,#mɛt̪ʁ#
622,#mˈɑːjor#,#mɛʁ#,#mɛʁ#
623,#mˈɑːjum#,#mɛ#,#me#
624,#mˌɑkiˈoːn̪em#,#masɔ̃#,#masɔ̃#
625,#mˈɑkulɑm#,#mɑj#,#maj#
626,#mˌɑlehˈɑbit̪um#,#majat̪#,#malad̪#
627,#mˌɑlefˈɑːt̪ius#,#movɛ#,#movɛ#
628,#mˌɑloːs#,#mo#,#mo#
629,#mˌɑlum#,#mal#,#mal#
630,#mˌɑmˈillɑm#,#mamɛl#,#mamɛl#
631,#mˌɑn̪d̪ˈɑːre#,#mɑ̃d̪ɛʁ#,#mɑ̃d̪e#
632,#mˌɑn̪d̪uːkˈɑːre#,#mɑ̃ʒɛʁ#,#mɑ̃ʒe#
633,#mˈɑn̪ikɑm#,#mɑ̃ʃ#,#mɑ̃ʃ#
634,#mˌɑn̪siˈoːn̪em#,#mɛzɔ̃#,#mezɔ̃#
635,#mˌɑːn̪sueːt̪ˈiːn̪um#,#mɑt̪ɛ̃#,#mɑt̪ɛ̃#
636,#mˌɑn̪sˈuːrɑm#,#mɑ̃syʁ#,#mazyʁ#
637,#mˌɑn̪t̪ˈellum#,#mɑ̃t̪ɛl#,#mɑ̃t̪o#
638,#mˈɑn̪um#,#mɛ̃#,#mɛ̃#
639,#mˌɑn̪uːˈoperɑ#,#man̪œvʁ#,#man̪œvʁ#
640,#mˈɑn̪uːs#,#maʁ#,#mɛ̃#
641,#mˈɑppɑm#,#map#,#n̪ap#
642,#mˈɑre#,#mɛʁ#,#mɛʁ#
643,#mˈɑrɡulɑ#,#maʁl#,#maʁl#
644,#mˌɑrˈiːt̪um#,#maʁi#,#maʁi#
645,#mˈɑrmor#,#maʁbʁ#,#maʁbʁ#
646,#mˌɑrt̪ˈellum#,#maʁt̪ɛl#,#maʁt̪o#
647,#mˈɑskulum#,#mɑl#,#mɑl#
648,#mˈɑssɑm#,#mɑs#,#mas#
649,#mˈɑst̪oːs#,#mɑ#,#ma#
650,#mˈɑst̪um#,#mɑ#,#mɑ#
651,#mˌɑt̪eriˈɑːmen̪#,#mɛʁɛ̃#,#mɛʁɛ̃#
652,#mˌɑt̪rˈɑst̪rɑ#,#maʁɑt̪ʁ#,#maʁɑt̪ʁ#
653,#mˈɑt̪rem#,#mɛʁ#,#mɛʁ#
654,#mˈɑt̪t̪eɑm#,#mɑs#,#mas#
655,#mˈɑt̪t̪eˈuːkɑm#,#masy#,#masy#
656,#mˌɑːt̪ˈuːrɑm#,#myʁ#,#myʁ#
657,#mˌɑːt̪ˈuːrum#,#myʁ#,#myʁ#
658,#mˌɑːt̪uːt̪ˈiːn̪um#,#mat̪ɛ̃#,#mat̪ɛ̃#
659,#meˌɑm#,#mja#,#ma#
660,#meɑːs#,#mja#,#me#
661,#meoːs#,#mje#,#me#
662,#mˈeː#,#mwa#,#mwa#
663,#mˈeum#,#mjœ#,#mjɛ̃#
664,#meˌum#,#mjɔ̃#,#mɔ̃#
665,#mˌed̪ˈɑːliɑ#,#mɑj#,#maj#
666,#mˌed̪iˈɑːn̪ɑm#,#mwajɛ̃n̪#,#mwajɛn̪#
667,#mˌed̪iˈɑːn̪um#,#mwajɛ̃#,#mwajɛ̃#
668,#mˌed̪iet̪ˈɑːt̪em#,#mwat̪jɛ#,#mwat̪je#
669,#mˈed̪ium#,#mi#,#mi#
670,#mˌed̪ˈullɑm#,#mul#,#mwal#
671,#mˈel#,#mjɛl#,#mjɛl#
672,#mˌeliˈoːrem#,#mɛjœ#,#mejœʁ#
673,#mˈelius#,#mjœ#,#mjø#
674,#mˈembrum#,#mɑ̃bʁ#,#mɑ̃bʁ#
675,#mˈeːn̪sɑm#,#mwaz#,#mwaz#
676,#mˈen̪sem#,#mwa#,#mwa#
677,#mˌeːn̪sˈuːrɑm#,#mzyʁ#,#məzyʁ#
678,#mˌen̪t̪iˈoːn̪ikɑm#,#mɑ̃sɔ̃ʃ#,#mɑ̃sɔ̃ʒ#
679,#mˌen̪t̪it̪ˈoːrem#,#mɑ̃t̪œ#,#mɑ̃t̪œʁ#
680,#mˌerkɑt̪ˈɑn̪t̪em#,#maʁʃɑ̃#,#maʁʃɑ̃#
681,#mˌerkˈɑːt̪um#,#maʁʃɛ#,#maʁʃe#
682,#mˌerkˈeːd̪em#,#mɛʁsi#,#mɛʁsi#
683,#mˌessiˈoːn̪em#,#mwasɔ̃#,#mwasɔ̃#
684,#mˌet̪ˈipsimum#,#mɛ̃m#,#mɛm#
685,#mˈiːlle#,#mi#,#mil#
686,#mˈiːkɑm#,#mi#,#mi#
687,#mˈikkɑm#,#mɛʃ#,#mɛʃ#
688,#mˌin̪ˈɑːkiɑ#,#mə̃n̪ɑs#,#mən̪as#
689,#mˈiːn̪ɑm#,#min̪#,#min̪#
690,#mˌin̪ˈɑːri#,#mə̃n̪ɛʁ#,#mən̪e#
691,#mˈin̪or#,#mwɛ̃d̪ʁ#,#mwɛ̃d̪ʁ#
692,#mˈin̪us#,#mɑ̃#,#mwɛ̃#
693,#mˌiskulˈɑːre#,#mɛlɛʁ#,#mɛle#
694,#mˈissɑm#,#mɛs#,#mɛs#
695,#mˈissum#,#mɛ#,#mɛ#
696,#mˈoːbilem#,#mœbl#,#mœbl#
697,#mˌod̪iˈolum#,#mwajœl#,#mwajø#
698,#mˈod̪ulum#,#mu#,#mul#
699,#mˈolɑm#,#mœl#,#møl#
700,#mˌolˈiːn̪um#,#mulɛ̃#,#mulɛ̃#
701,#mˌolit̪ˈuːrɑm#,#muwt̪yʁ#,#mut̪yʁ#
702,#mˈollem#,#mɔl#,#mu#
703,#mˈolliːs#,#mu#,#mu#
704,#mˌolliˈɑːre#,#mujɛʁ#,#muje#
705,#mˌon̪ˈeːt̪ɑm#,#mɔn̪ɛ#,#mɔn̪ɛ#
706,#mˌon̪t̪ˈɑːn̪eɑm#,#mɔ̃t̪ɑ̃ɲ#,#mɔ̃t̪aɲ#
707,#mˈon̪t̪em#,#mɔ̃#,#mɔ̃#
708,#mˌon̪t̪ikˈellum#,#mɔ̃sɛl#,#mɔ̃so#
709,#mˈoːreːs#,#muʁ#,#mœʁ#
710,#mˌorˈiːri#,#muʁiʁ#,#muʁiʁ#
711,#mˈord̪ere#,#mɔʁd̪ʁ#,#mɔʁd̪ʁ#
712,#mˈorsum#,#mɔʁ#,#mɔʁ#
713,#mˌort̪ˈɑːrium#,#mɔʁt̪jɛʁ#,#mɔʁt̪je#
714,#mˈort̪em#,#mɔʁ#,#mɔʁ#
715,#mˈowit̪ɑm#,#mœt̪#,#møt̪#
716,#mˈuffulɑm#,#mufl#,#mufl#
717,#mˈukkid̪um#,#mwa#,#mwat̪#
718,#mˈuːlɑm#,#myl#,#myl#
719,#mˌult̪ˈoːn̪em#,#muwt̪ɔ̃#,#mut̪ɔ̃#
720,#mˈult̪um#,#muw#,#mult̪#
721,#mˌuːrˈɑːliɑ#,#myʁɑj#,#myʁɑj#
722,#mˈuːrum#,#myʁ#,#myʁ#
723,#mˈuskɑm#,#muʃ#,#muʃ#
724,#mˈuskulum#,#mul#,#mul#
725,#mˈust̪um#,#mu#,#mu#
726,#mˈut̪t̪um#,#mɔ#,#mo#
727,#n̪ˈɑwd̪ɑm#,#n̪u#,#n̪u#
728,#n̪ˈɑːn̪ɑm#,#n̪ɛ̃n̪#,#n̪ɛn̪#
729,#n̪ˈɑːn̪um#,#n̪ɛ̃#,#n̪ɛ̃#
730,#n̪ˈɑːskere#,#n̪ɛt̪ʁ#,#n̪ɛt̪ʁ#
731,#n̪ˈɑssɑm#,#n̪ɑs#,#n̪ɑs#
732,#n̪ˈɑːsum#,#n̪ɛ#,#n̪e#
733,#n̪ˌɑːt̪ˈɑːlem#,#n̪ɛl#,#n̪ɔɛl#
734,#n̪ˌɑːt̪ˈiːwɑm#,#n̪iv#,#n̪aiv#
735,#n̪ˌɑːt̪ˈiːwum#,#n̪if#,#n̪aif#
736,#n̪ˈɑːwem#,#n̪ɛf#,#n̪ɛf#
737,#n̪ˈɑwikɑm#,#n̪u#,#n̪u#
738,#n̪ˌɑwikˈellɑm#,#n̪wazɛl#,#n̪asɛl#
739,#n̪ˈɑwseɑm#,#n̪waz#,#n̪waz#
740,#n̪ˈek#,#n̪i#,#n̪i#
741,#n̪ˌepˈoːt̪em#,#n̪vœ#,#n̪əvø#
742,#n̪ˈept̪iɑm#,#n̪jɛs#,#n̪jɛs#
743,#n̪ˌept̪ˈuːn̪um#,#n̪t̪œ̃#,#lyt̪ɛ̃#
744,#n̪ˈerwum#,#n̪ɛʁ#,#n̪ɛʁf#
745,#n̪ˈiːd̪um#,#n̪i#,#n̪i#
746,#n̪ˈiɡrum#,#n̪waʁ#,#n̪waʁ#
747,#n̪ˈit̪id̪ɑm#,#n̪ɛd̪#,#n̪ɛt̪#
748,#n̪ˈit̪id̪um#,#n̪ɛ#,#n̪ɛt̪#
749,#n̪ˌoːd̪ˈɑːre#,#n̪uɛʁ#,#n̪we#
750,#n̪ˌoːd̪ˈoːsoːs#,#n̪uœ#,#n̪wø#
751,#n̪ˈoːd̪um#,#n̪œ#,#n̪ø#
752,#n̪ˈokt̪em#,#n̪ɥi#,#n̪ɥi#
753,#n̪ˈoːmen̪#,#n̪ɔ̃#,#n̪ɔ̃#
754,#n̪ˈoːn̪#,#n̪ɔ̃#,#n̪ɔ̃#
755,#n̪oːn̪#,#n̪#,#n̪ə#
756,#n̪ˌoːn̪ɑːɡˈin̪t̪ɑ#,#n̪ɔn̪ɑ̃t̪#,#n̪on̪ɑ̃t̪#
757,#n̪ˈon̪n̪ɑm#,#n̪ɔ̃n̪#,#n̪ɔn̪#
758,#n̪ˈopt̪iɑm#,#n̪ɔs#,#n̪ɔs#
759,#n̪ˌoːs#,#n̪u#,#n̪u#
760,#n̪ˈost̪rɑm#,#n̪ɔt̪ʁ#,#n̪ɔt̪ʁ#
761,#n̪ˈost̪rum#,#n̪ɔt̪ʁ#,#n̪ɔt̪ʁ#
762,#n̪ˌowˈellɑm#,#n̪uvɛl#,#n̪uvɛl#
763,#n̪ˌowˈellum#,#n̪uvɛl#,#n̪uvo#
764,#n̪ˈowem#,#n̪œf#,#n̪œf#
765,#n̪ˈuːbɑm#,#n̪y#,#n̪y#
766,#n̪ˈuːd̪ɑm#,#n̪y#,#n̪y#
767,#n̪ˈuːd̪um#,#n̪y#,#n̪y#
768,#n̪ˈukem#,#n̪wa#,#n̪wa#
769,#n̪ˈuːllɑm#,#n̪yl#,#n̪yl#
770,#n̪ˈuːllɑːs#,#n̪yl#,#n̪yl#
771,#n̪ˈuːlloːs#,#n̪yw#,#n̪y#
772,#n̪ˈuːllum#,#n̪y#,#n̪yl#
773,#n̪ˈumerum#,#n̪ɔ̃bʁ#,#n̪ɔ̃bʁ#
774,#n̪ˌut̪rˈiːkiɑ#,#n̪uʁis#,#n̪uʁis#
775,#n̪ˌut̪rˈiːt̪iˈoːn̪em#,#n̪uʁizɔ̃#,#n̪uʁisɔ̃#
776,#ˌossifrˈɑɡɑm#,#ɔfʁɛ#,#ɔʁfʁɛ#
777,#ˈossum#,#ɔ#,#ɔs#
778,#ˈost̪reɑ#,#wat̪ʁ#,#ɥit̪ʁ#
779,#ˈokt̪oː#,#ɥi#,#ɥit̪#
780,#ˈokuloːs#,#œ#,#jø#
781,#ˈokulum#,#œj#,#œj#
782,#ˈoperɑ#,#œvʁ#,#œvʁ#
783,#ˌoperˈɑːrium#,#uvʁjɛʁ#,#uvʁije#
784,#ˈoːrd̪in̪em#,#ɔʁd̪ʁ#,#ɔʁd̪ʁ#
785,#ˈorn̪ɑːmˈen̪t̪um#,#ɔʁn̪əmɑ̃#,#ɔʁn̪əmɑ̃#
786,#ˌowˈikulɑm#,#uvɛj#,#waj#
787,#ˈowum#,#œf#,#œf#
788,#pˌɑːɡˈɑːn̪um#,#pɛjɛ̃#,#pajɛ̃#
789,#pˌɑːɡˈeːn̪sem#,#pɛji#,#pɛi#
790,#pˈɑːkem#,#pɛ#,#pɛ#
791,#pˈɑːlɑm#,#pɛl#,#pɛl#
792,#pˈɑːloːs#,#po#,#pjø#
793,#pˈɑːlum#,#pɛl#,#pjø#
794,#pˌɑlˈɑːt̪ium#,#palɛ#,#palɛ#
795,#pˈɑleɑm#,#pɑj#,#pɑj#
796,#pˌɑleˈɑːrium#,#pajɛʁ#,#pɑje#
797,#pˈɑlmɑm#,#pom#,#pom#
798,#pˌɑlpˈet̪rɑm#,#popjɛʁ#,#popjɛʁ#
799,#pˈɑːn̪em#,#pɛ̃#,#pɛ̃#
800,#pˌɑːn̪ˈɑːrium#,#pan̪jɛʁ#,#pan̪je#
801,#pˌɑn̪n̪ˈellum#,#pan̪ɛl#,#pan̪o#
802,#pˈɑn̪n̪um#,#pɑ̃#,#pɑ̃#
803,#pˈɑn̪t̪ikem#,#pɑ̃s#,#pɑ̃s#
804,#pˌɑːpiliˈoːn̪em#,#pavijɔ̃#,#pavijɔ̃#
805,#pˈɑːr#,#pɛʁ#,#pɛʁ#
806,#pˌɑrˈɑbolɑm#,#paʁol#,#paʁɔl#
807,#pˌɑrɑwerˈeːd̪um#,#palfʁwa#,#paləfʁwa#
808,#pˈɑrem#,#pɛʁ#,#pɛʁ#
809,#pˌɑrˈen̪t̪em#,#paʁɑ̃#,#paʁɑ̃#
810,#pˌɑren̪t̪ˈɑːt̪um#,#paʁɑ̃t̪e#,#paʁɑ̃t̪e#
811,#pˈɑriɑ#,#pɛʁ#,#pɛʁ#
812,#pˌɑriˈeːt̪em#,#paʁwa#,#paʁwa#
813,#pˌɑrˈikulɑm#,#paʁɛj#,#paʁej#
814,#pˌɑrˈikulum#,#paʁɛj#,#paʁej#
815,#pˌɑrˈiːsium#,#paʁi#,#paʁi#
816,#pˈɑrt̪em#,#paʁ#,#paʁ#
817,#pˈɑrt̪eːs#,#paʁ#,#paʁ#
818,#pˌɑrt̪ikˈellɑm#,#paʁsɛl#,#paʁsɛl#
819,#pˈɑssum#,#pa#,#pɑ#
820,#pˈɑst̪ɑm#,#pɑt̪#,#pɑt̪#
821,#pˈɑːst̪or#,#pɑt̪ʁ#,#pɑt̪ʁ#
822,#pˌɑt̪ˈellɑm#,#pɛl#,#pwal#
823,#pˌɑt̪rˈɑst̪rum#,#paʁɑt̪ʁ#,#paʁɑt̪ʁ#
824,#pˈɑt̪rem#,#pɛʁ#,#pɛʁ#
825,#pˌɑt̪rˈiːn̪um#,#paʁɛ̃#,#paʁɛ̃#
826,#pˈɑwlum#,#pu#,#pɔl#
827,#pˌɑːwˈoːn̪em#,#pɔ̃#,#pɑ̃#
828,#pˌɑːwˈoːrem#,#puœʁ#,#pœʁ#
829,#pˈɑwper#,#pɔvʁ#,#povʁ#
830,#pˈed̪em#,#pjɛ#,#pje#
831,#pˈed̪eːs#,#pjɛ#,#pje#
832,#pˈeːd̪ikɑ#,#pɛʃ#,#pjɛʒ#
833,#pˈeːd̪ikum#,#pjɛʒ#,#pjɛʒ#
834,#pˌed̪it̪ˈɑːliɑ#,#pɛt̪ɑj#,#pjɛt̪aj#
835,#pˈeːd̪it̪um#,#pɛ#,#pɛ#
836,#pˌed̪ˈoːn̪em#,#peɔ̃#,#pjɔ̃#
837,#pˌed̪ˈukuloːs#,#puw#,#pu#
838,#pˈejor#,#piʁ#,#piʁ#
839,#pˈejus#,#pi#,#pi#
840,#pˈekt̪in̪em#,#pɛ̃ɲ#,#pɛɲ#
841,#pˈekt̪us#,#pi#,#pi#
842,#pˈellem#,#pɛl#,#po#
843,#pˈelleːs#,#po#,#po#
844,#pˈen̪d̪it̪ɑm#,#pɑ̃t̪#,#pɑ̃t̪#
845,#pˌeːn̪ikˈellum#,#pɑ̃sɛl#,#pɛ̃so#
846,#pˈeːn̪silem#,#pwal#,#pwal#
847,#pˈeːn̪sum#,#pwa#,#pwa#
848,#pˌer#,#paʁ#,#paʁ#
849,#pˌerd̪ˈiːkem#,#pɛʁd̪i#,#pɛʁd̪ʁi#
850,#pˈerd̪it̪ɑm#,#pɛʁt̪#,#pɛʁt̪#
851,#pˌereɡrˈiːn̪um#,#pɛlʁɛ̃#,#pɛlʁɛ̃#
852,#pˌerkɑmˈiːn̪um#,#paʁʃəmɛ̃#,#paʁʃəmɛ̃#
853,#pˌerˈiːkulum#,#peʁi#,#peʁil#
854,#pˈerkɑm#,#pɛʁʃ#,#pɛʁʃ#
855,#pˈern̪ulɑm#,#pɛʁn̪l#,#pɛʁl#
856,#pˌerpet̪ˈɑːn̪eum#,#paʁpɛ̃#,#paʁpɛ̃#
857,#pˈersɑm#,#pɛʁs#,#pɛʁs#
858,#pˈersikɑm#,#pɛʁʃ#,#pɛʃ#
859,#pˌersˈoːn̪ɑm#,#pɛʁsɔ̃n̪#,#pɛʁsɔn̪#
860,#pˈersum#,#pɛʁ#,#pɛʁ#
861,#pˈert̪ikɑm#,#pɛʁʃ#,#pɛʁʃ#
862,#pˌert̪ˈuːsium#,#pɛʁt̪ɥi#,#pɛʁt̪ɥi#
863,#pˌerwˈin̪kɑm#,#pɛʁvɑ̃ʃ#,#pɛʁvɑ̃ʃ#
864,#pˈessimum#,#pɛ̃m#,#pɛm#
865,#pˈet̪rɑm#,#pjɛʁ#,#pjɛʁ#
866,#pˈet̪rum#,#pjɛʁ#,#pjɛʁ#
867,#pˈet̪t̪iɑm#,#pjɛs#,#pjɛs#
868,#pˈiːɑm#,#pi#,#pi#
869,#pˌiet̪ˈɑːt̪em#,#pit̪jɛ#,#pit̪je#
870,#pˌiɡrˈit̪iɑm#,#peʁwaz#,#paʁɛs#
871,#pˈiːlɑm#,#pil#,#pil#
872,#pˌilˈot̪t̪ɑm#,#plɔt̪#,#pəlɔt̪#
873,#pˈiːkɑm#,#pi#,#pi#
874,#pˈikem#,#pwa#,#pwa#
875,#pˌikt̪ˈɑːn̪eːs#,#pwat̪jɛʁ#,#pwat̪je#
876,#pˌikt̪ˈɑːwum#,#pwat̪u#,#pwat̪u#
877,#pˌikt̪orˈiːn̪ɑm#,#pwat̪ʁin̪#,#pwat̪ʁin̪#
878,#pˌiːn̪kiˈoːn̪em#,#pɛ̃sɔ̃#,#pɛ̃sɔ̃#
879,#pˈin̪kt̪or#,#pɛ̃t̪ʁ#,#pɛ̃t̪ʁ#
880,#pˈin̪n̪ɑm#,#pɑ̃n̪#,#pan̪#
881,#pˈiːn̪um#,#pɛ̃#,#pɛ̃#
882,#pˈiperɑ#,#pwavʁ#,#pwavʁ#
883,#pˌiːpiˈoːn̪em#,#piʃɔ̃#,#piʒɔ̃#
884,#pˈirɑm#,#pwaʁ#,#pwaʁ#
885,#pˌiskɑːt̪ˈoːrem#,#peʃœ#,#pɛʃœʁ#
886,#pˌiskiˈoːn̪em#,#pwasɔ̃#,#pwasɔ̃#
887,#pˌist̪rˈiːn̪um#,#pet̪ʁɛ̃#,#pet̪ʁɛ̃#
888,#pˈisum#,#pwa#,#pwa#
889,#pˌit̪t̪ˈiːt̪um#,#pt̪i#,#pət̪i#
890,#pˈius#,#pjœ#,#pjø#
891,#plˈɑːɡɑm#,#plɛ#,#plɛ#
892,#plˌɑkˈeːre#,#pleziʁ#,#pleziʁ#
893,#plˈɑkit̪um#,#plɛ#,#plɛ#
894,#plˈɑːn̪um#,#plɛ̃#,#plɛ̃#
895,#plˈɑn̪ɡere#,#plɛ̃d̪ʁ#,#plɛ̃d̪ʁ#
896,#plˈɑn̪t̪ɑm#,#plɑ̃t̪#,#plɑ̃t̪#
897,#plˌɑn̪t̪ˈɑːɡin̪em#,#plɑ̃t̪ɛ̃#,#plɑ̃t̪ɛ̃#
898,#plˌɑn̪t̪iˈoːn̪em#,#plɑ̃sɔ̃#,#plɑ̃sɔ̃#
899,#plˈɑt̪t̪ɑm#,#plat̪#,#plat̪#
900,#plˈɑt̪t̪ɑːs#,#plat̪#,#plat̪#
901,#plˈɑt̪t̪oːs#,#pla#,#pla#
902,#plˈɑt̪t̪um#,#pla#,#pla#
903,#plˈɑt̪t̪eɑm#,#plɑs#,#plas#
904,#plˈebium#,#plɛʒ#,#plɛʒ#
905,#plˈeːn̪ɑm#,#plɛ̃n̪#,#plɛn̪#
906,#plˌeːn̪ˈɑːriɑm#,#plen̪jɛʁ#,#plen̪jɛʁ#
907,#plˌeːn̪ˈɑːrium#,#plen̪jɛʁ#,#plen̪je#
908,#plˈeːn̪um#,#plɛ̃#,#plɛ̃#
909,#plˈikɑt̪#,#plwa#,#plwa#
910,#plˈowiɑm#,#plɥi#,#plɥi#
911,#plˈuːmɑm#,#plym#,#plym#
912,#plˌumbikˈɑːre#,#plɔ̃ʒɛʁ#,#plɔ̃ʒe#
913,#plˌumbiˈoːn̪em#,#plɔ̃ʒɔ̃#,#plɔ̃ʒɔ̃#
914,#plˈumbum#,#plɔ̃#,#plɔ̃#
915,#plˈuːs#,#ply#,#ply#
916,#plˌuːsiˈoːreːs#,#plɥizuʁ#,#plyzjœʁ#
917,#pˈod̪ium#,#pɥi#,#pɥi#
918,#pˈoe̯n̪ɑm#,#pɛ̃n̪#,#pɛn̪#
919,#pˈollikem#,#pus#,#pus#
920,#pˈoːmɑm#,#pɔ̃m#,#pɔm#
921,#pˈon̪ere#,#pɔ̃d̪ʁ#,#pɔ̃d̪ʁ#
922,#pˈoːn̪t̪em#,#pɔ̃#,#pɔ̃#
923,#pˈorkoːs#,#pɔʁ#,#pɔʁ#
924,#pˈorkum#,#pɔʁ#,#pɔʁ#
925,#pˈort̪ɑm#,#pɔʁt̪#,#pɔʁt̪#
926,#pˌort̪ˈɑːre#,#pɔʁt̪ɛʁ#,#pɔʁt̪e#
927,#pˈort̪ɑt̪#,#pɔʁt̪#,#pɔʁt̪#
928,#pˌort̪ɑt̪ˈoːrem#,#pɔʁt̪œ#,#pɔʁt̪œʁ#
929,#pˈort̪ikum#,#pɔʁʃ#,#pɔʁʃ#
930,#pˌost̪ˈellum#,#pot̪ɛl#,#pɔt̪o#
931,#pˌoːt̪iˈoːn̪em#,#pwazɔ̃#,#pwazɔ̃#
932,#pˈost̪ium#,#pɥi#,#pɥi#
933,#pˈot̪et̪#,#pœ#,#pø#
934,#prˌɑe̯#,#pʁɛ#,#pʁe#
935,#prˌɑe̯d̪ikˈɑːre#,#pʁɛʃɛʁ#,#pʁɛʃe#
936,#prˌɑe̯d̪ikɑːt̪ˈoːrem#,#pʁɛʃœ#,#pʁɛʃœʁ#
937,#prˌɑe̯pˈosit̪um#,#pʁevo#,#pʁevɔ#
938,#prˈɑe̯st̪ɑm#,#pʁɛt̪#,#pʁɛt̪#
939,#prˌɑe̯st̪ˈɑːre#,#pʁɛt̪ɛʁ#,#pʁɛt̪e#
940,#prˈɑe̯st̪um#,#pʁɛ#,#pʁɛ#
941,#prˈɑːt̪um#,#pʁe#,#pʁe#
942,#prˌehˈen̪d̪ere#,#pʁɑ̃d̪ʁ#,#pʁɑ̃d̪ʁ#
943,#prˌehen̪siˈoːn̪em#,#pʁizɔ̃#,#pʁizɔ̃#
944,#prˈesbyt̪er#,#pʁɛt̪ʁ#,#pʁɛt̪ʁ#
945,#prˈessɑ#,#pʁɛs#,#pʁɛs#
946,#prˈesse#,#pʁɛ#,#pʁɛ#
947,#prˌessˈɑːre#,#pʁɛsɛʁ#,#pʁɛse#
948,#prˈet̪ium#,#pʁi#,#pʁi#
949,#prˈiːmɑm#,#pʁim#,#pʁim#
950,#prˌimˈɑːriɑm#,#pʁə̃mjɛʁ#,#pʁəmjɛʁ#
951,#prˌimˈɑːrium#,#pʁə̃mjɛʁ#,#pʁəmje#
952,#prˌiːwˈɑːt̪um#,#pʁive#,#pʁive#
953,#prˈoːd̪e#,#pʁœ#,#pʁu#
954,#prˈoːd̪is#,#pʁœ#,#pʁø#
955,#prˌopeˈɑːn̪um#,#pʁɔʃɛ̃#,#pʁɔʃɛ̃#
956,#prˈoːt̪irum#,#pʁɔ̃n̪#,#pʁon̪#
957,#prˈuːn̪ɑm#,#pʁyn̪#,#pʁyn̪#
958,#pˈuɡn̪oːs#,#pwɛ̃#,#pwɛ̃#
959,#pˈuɡn̪um#,#pwɛ̃#,#pwɛ̃#
960,#pˈuliɑm#,#puj#,#puj#
961,#pˈuːlikem#,#pyws#,#pys#
962,#pˌuːlikˈellɑm#,#pywsɛl#,#pysɛl#
963,#pˈullɑm#,#pul#,#pul#
964,#pˌullˈɑːmen̪#,#pulɛ̃#,#pulɛ̃#
965,#pˌullikˈeːn̪um#,#puwsɛ̃#,#pusɛ̃#
966,#pˌulmˈoːn̪em#,#puwmɔ̃#,#pumɔ̃#
967,#pˌulsˈɑːre#,#puwsɛʁ#,#puse#
968,#pˈulwerem#,#puwvʁ#,#pud̪ʁ#
969,#pˈuːmikem#,#pœ̃s#,#pɔ̃s#
970,#pˈun̪ɡere#,#pwɛ̃d̪ʁ#,#pwɛ̃d̪ʁ#
971,#pˈun̪kt̪ɑm#,#pwɛ̃t̪#,#pwɛ̃t̪#
972,#pˌun̪kt̪iˈoːn̪em#,#pwɛ̃sɔ̃#,#pwɛ̃sɔ̃#
973,#pˈun̪kt̪um#,#pwɛ̃#,#pwɛ̃#
974,#pˌun̪kt̪ˈuːrɑm#,#pwɛ̃t̪yʁ#,#pwɛ̃t̪yʁ#
975,#pˈuːrɑm#,#pyʁ#,#pyʁ#
976,#pˌuːrɡˈɑːre#,#pyʁʒɛʁ#,#pyʁʒe#
977,#pˈuːrum#,#pyʁ#,#pyʁ#
978,#pˈurppurɑm#,#puʁpʁ#,#puʁpʁ#
979,#pˌuppˈɑːt̪ɑm#,#pupe#,#pupe#
980,#pˈut̪t̪um#,#pɔ#,#po#
981,#rˈɑbiɑm#,#ʁaʒ#,#ʁaʒ#
982,#rˌɑd̪iːkˈiːn̪ɑm#,#ʁasin̪#,#ʁasin̪#
983,#rˈɑd̪ium#,#ʁɛ#,#ʁɛ#
984,#rˌɑkˈeːmum#,#ʁɛzɛ̃#,#ʁɛzɛ̃#
985,#rˌɑmˈellum#,#ʁamɛl#,#ʁamo#
986,#rˈɑːn̪ɑm#,#ʁɛ̃n̪#,#ʁɛn̪#
987,#rˌɑn̪kˈoːrem#,#ʁɑ̃kœ#,#ʁɑ̃kœʁ#
988,#rˈɑpid̪um#,#ʁad̪#,#ʁad̪#
989,#rˌɑskulˈɑːre#,#ʁɑlɛʁ#,#ʁɑle#
990,#rˌɑst̪ˈellum#,#ʁɑt̪ɛl#,#ʁɑt̪o#
991,#rˌɑt̪iˈoːn̪em#,#ʁɛzɔ̃#,#ʁɛzɔ̃#
992,#rˈɑːsum#,#ʁɛ#,#ʁe#
993,#rˌed̪ˌempt̪iˈoːn̪em#,#ʁɑ̃sɔ̃#,#ʁɑ̃sɔ̃#
994,#rˌeːɡˈɑːlem#,#ʁwajɛl#,#ʁwajal#
995,#rˌeːɡˈɑːleːs#,#ʁwajo#,#ʁwajo#
996,#rˈeːɡem#,#ʁwa#,#ʁwa#
997,#rˈem#,#ʁjɛ̃#,#ʁjɛ̃#
998,#rˈen̪d̪it̪ɑm#,#ʁɑ̃t̪#,#ʁɑ̃t̪#
999,#rˈeːn̪em#,#ʁɛ̃#,#ʁɛ̃#
1000,#rˈeːt̪eːs#,#ʁwa#,#ʁɛ#
1001,#rˈet̪in̪ɑm#,#ʁɛ̃n̪#,#ʁɛn̪#
1002,#rˌet̪ˈun̪d̪ɑm#,#ʁɔ̃d̪#,#ʁɔ̃d̪#
1003,#rˌet̪ˈun̪d̪um#,#ʁɔ̃#,#ʁɔ̃#
1004,#rˈiːd̪ere#,#ʁiʁ#,#ʁiʁ#
1005,#rˈikɑm#,#ʁɛ#,#ʁɛ#
1006,#rˈiɡid̪ɑm#,#ʁɛd̪#,#ʁɛd̪#
1007,#rˈiːpɑm#,#ʁiv#,#ʁiv#
1008,#rˌiːpˈɑːriɑm#,#ʁivjɛʁ#,#ʁivjɛʁ#
1009,#rˈiːsum#,#ʁi#,#ʁi#
1010,#rˌoːbˈikulɑm#,#ʁuvɛj#,#ʁuj#
1011,#rˈokkɑm#,#ʁɔʃ#,#ʁoʃ#
1012,#rˈot̪un̪um#,#ʁɔ̃n̪#,#ʁon̪#
1013,#rˈubeum#,#ʁuʒ#,#ʁuʒ#
1014,#rˈuːɡɑm#,#ʁy#,#ʁy#
1015,#rˈumikem#,#ʁɔ̃s#,#ʁɔ̃s#
1016,#rˌuːmˈoːrem#,#ʁymœ#,#ʁymœʁ#
1017,#rˈumpere#,#ʁɔ̃pʁ#,#ʁɔ̃pʁ#
1018,#rˈupt̪ɑ#,#ʁut̪#,#ʁut̪#
1019,#rˈupt̪um#,#ʁɔ#,#ʁo#
1020,#rˈuːskɑm#,#ʁyʃ#,#ʁyʃ#
1021,#rˌuːskˈellum#,#ʁɥisɛl#,#ʁɥiso#
1022,#rˈussɑm#,#ʁus#,#ʁus#
1023,#rˈussum#,#ʁu#,#ʁu#
1024,#rˌut̪ˈɑːbulum#,#ʁuabl#,#ʁɑbl#
1025,#rˈuːt̪ɑm#,#ʁy#,#ʁy#
1026,#rˌuːt̪ˈɑːre#,#ʁyɛʁ#,#ʁɥe#
1027,#sˌɑbiːn̪iˈɑːkum#,#saviɲi#,#saviɲi#
1028,#sˈɑbulum#,#sabl#,#sabl#
1029,#sˈɑɡmɑm#,#sɔ̃m#,#sɔm#
1030,#sˌɑɡmˈɑːrium#,#sɔ̃mjɛʁ#,#sɔmje#
1031,#sˈɑkkum#,#sak#,#sak#
1032,#sˌɑkrɑmˈen̪t̪um#,#sɛʁmɑ̃#,#sɛʁmɑ̃#
1033,#sˈɑlem#,#sɛl#,#sɛl#
1034,#sˌɑlin̪ˈɑːrium#,#son̪jɛʁ#,#son̪je#
1035,#sˌɑlmˈɑst̪er#,#somɑt̪ʁ#,#somɑt̪ʁ#
1036,#sˌɑlmˈoːn̪em#,#somɔ̃#,#somɔ̃#
1037,#sˈɑlsɑm#,#sos#,#sos#
1038,#sˌɑlsˈiːkiɑm#,#sosis#,#sosis#
1039,#sˌɑlt̪ˈɑːre#,#sot̪ɛʁ#,#sot̪e#
1040,#sˌɑlt̪uˈɑːrium#,#sot̪jɛʁ#,#sot̪je#
1041,#sˌɑlˈuːt̪em#,#saly#,#saly#
1042,#sˈɑlwɑm#,#sov#,#sov#
1043,#sˌɑlwˈɑt̪ikum#,#sovaʒ#,#sovaʒ#
1044,#sˌɑlwɑːt̪ˈoːrem#,#sovœ#,#sovœʁ#
1045,#sˈɑlwiɑm#,#sɑj#,#soʒ#
1046,#sˈɑlwum#,#sof#,#sof#
1047,#sˈɑːn̪ɑm#,#sɛ̃n̪#,#sɛn̪#
1048,#sˌɑːn̪it̪ˈɑːt̪em#,#sɑ̃t̪e#,#sɑ̃t̪e#
1049,#sˈɑn̪ɡwem#,#sɑ̃k#,#sɑ̃#
1050,#sˌɑn̪ɡwisˈuːɡɑm#,#sɑ̃sy#,#sɑ̃sy#
1051,#sˌɑːn̪kt̪it̪ˈɑːt̪em#,#sɛ̃t̪jɛ#,#sɛ̃t̪ət̪e#
1052,#sˈɑːn̪kt̪um#,#sɛ̃#,#sɛ̃#
1053,#sˈɑːn̪um#,#sɛ̃#,#sɛ̃#
1054,#sˈɑpɑm#,#sɛv#,#sɛv#
1055,#sˌɑpˈɑwd̪iɑm#,#savwa#,#savwa#
1056,#sˌɑpˈeːre#,#savwaʁ#,#savwaʁ#
1057,#sˈɑpiɑm#,#saʃ#,#saʃ#
1058,#sˈɑpid̪um#,#sad̪#,#sad̪#
1059,#sˌɑpiˈen̪t̪em#,#savɑ̃#,#savɑ̃#
1060,#sˌɑːpˈoːn̪em#,#savɔ̃#,#savɔ̃#
1061,#sˌɑpˈoːrem#,#savœ#,#savœʁ#
1062,#sˌɑppˈiːn̪um#,#sapɛ̃#,#sapɛ̃#
1063,#sˌɑrmˈen̪t̪um#,#saʁmɑ̃#,#saʁmɑ̃#
1064,#sˌɑt̪iˈoːn̪em#,#sɛzɔ̃#,#sɛzɔ̃#
1065,#sˌɑt̪ˈullum#,#su#,#su#
1066,#sˌɑwkˈoːn̪ɑm#,#suwɔ̃n̪#,#son̪#
1067,#sˈeː#,#swa#,#swa#
1068,#sˌed̪ˈeːre#,#swaʁ#,#swaʁ#
1069,#sˈeːd̪ikum#,#sjɛʒ#,#sjɛʒ#
1070,#sˈeks#,#si#,#sis#
1071,#sˌeksˈɑn̪t̪ɑm#,#swasɑ̃t̪#,#swasɑ̃t̪#
1072,#sˌeːkˈuːrɑm#,#syʁ#,#syʁ#
1073,#sˌeːkˈuːrum#,#syʁ#,#syʁ#
1074,#sˈekwere#,#sɥivʁ#,#sɥivʁ#
1075,#sˈekwet#,#sɥi#,#sɥi#
1076,#sˈekwo#,#sɥi#,#sɥi#
1077,#sˈellɑm#,#sɛl#,#sɛl#
1078,#sˈejor#,#siʁ#,#siʁ#
1079,#sˈeːmit̪ɑm#,#sɑ̃t̪#,#sɑ̃t̪#
1080,#sˌen̪iˈoːrem#,#sɛɲœ#,#sɛɲœʁ#
1081,#sˈen̪sum#,#swa#,#sɑ̃s#
1082,#sˌen̪t̪ˈiːre#,#sɑ̃t̪iʁ#,#sɑ̃t̪iʁ#
1083,#sˈeːpem#,#swaf#,#swaf#
1084,#sˈept̪em#,#sɛ#,#sɛt̪#
1085,#sˌept̪imˈɑːn̪ɑm#,#sə̃mɛ̃n̪#,#səmɛn̪#
1086,#sˈeːroː#,#swaʁ#,#swaʁ#
1087,#sˌerpˈen̪t̪em#,#sɛʁpɑ̃#,#sɛʁpɑ̃#
1088,#sˈerwɑm#,#sɛʁv#,#sɛʁv#
1089,#sˌerwˈiːre#,#sɛʁviʁ#,#sɛʁviʁ#
1090,#sˈerwit̪#,#sɛʁ#,#sɛʁ#
1091,#sˈerwum#,#sɛʁ#,#sɛʁ#
1092,#sˈeːt̪ɑm#,#sɛ#,#swa#
1093,#sˈiː#,#si#,#si#
1094,#sˌiɡˈelloːs#,#so#,#so#
1095,#sˌiɡˈellum#,#sɛl#,#so#
1096,#sˈiɡn̪um#,#sɛ̃#,#sɛ̃#
1097,#sˈiːk#,#si#,#si#
1098,#sˈikkɑm#,#sɛʃ#,#sɛʃ#
1099,#sˈikkum#,#sɛk#,#sɛk#
1100,#sˌimilˈɑːre#,#sɑ̃blɛʁ#,#sɑ̃ble#
1101,#sˈiːmium#,#sɛ̃ʒ#,#sɛ̃ʒ#
1102,#sˈin̪e#,#sɛ̃#,#sɑ̃#
1103,#sˌin̪ɡlˈut̪t̪um#,#sɑ̃ɡlɔ#,#sɑ̃ɡlo#
1104,#sˌin̪ɡulˈɑːrem#,#sɑ̃ɡlɛʁ#,#sɑ̃ɡlie#
1105,#sˈiːn̪um#,#sɛ̃#,#sɛ̃#
1106,#sˌit̪ˈellum#,#sɛl#,#so#
1107,#skˌin̪t̪ˈillɑ#,#et̪ɑ̃t̪ɛl#,#et̪ɛ̃sɛl#
1108,#skˈort̪eɑ#,#ekɔʁs#,#ekɔʁs#
1109,#skˌuːt̪ˈɑːrium#,#ekɥiɛʁ#,#ekɥije#
1110,#skˌuːt̪ˈellɑ#,#ekyɛl#,#ekɥɛl#
1111,#sˌolid̪ˈɑːre#,#suwd̪ɛʁ#,#sud̪e#
1112,#sˌolˈikulum#,#sɔlɛj#,#sɔlɛj#
1113,#sˈoːlum#,#sœl#,#sœl#
1114,#sˈomn̪ium#,#sɔ̃ʒ#,#sɔ̃ʒ#
1115,#sˈon̪um#,#sɔ̃#,#sɔ̃#
1116,#sˌoːrˈiːkem#,#suʁi#,#suʁi#
1117,#sˈoror#,#sœʁ#,#sœʁ#
1118,#sˈort̪em#,#sɔʁ#,#sɔʁ#
1119,#sˌort̪iˈɑːrium#,#sɔʁsjɛʁ#,#sɔʁsje#
1120,#sˈot̪t̪um#,#sɔ#,#so#
1121,#spˈɑt̪ʰɑ#,#epe#,#epe#
1122,#spˈiːkum#,#epi#,#epi#
1123,#spˈiːn̪ɑm#,#epin̪#,#epin̪#
1124,#spˈiːn̪ɡulɑm#,#epɛ̃ɡl#,#epɛ̃ɡl#
1125,#spˈon̪sɑm#,#epuwz#,#epuz#
1126,#spˈon̪sum#,#epœ#,#epu#
1127,#spˈissɑm#,#epɛs#,#epɛs#
1128,#spˈissum#,#epɛ#,#epɛ#
1129,#st̪ˈɑɡn̪um#,#et̪ɛ̃#,#et̪ɛ̃#
1130,#st̪ˈɑːmen̪#,#et̪ɛ̃#,#et̪ɛ̃#
1131,#st̪ˈeːllɑm#,#et̪ɛl#,#et̪wal#
1132,#st̪rˌɑn̪ɡulˈɑːre#,#et̪ʁɑ̃ɡlɛʁ#,#et̪ʁɑ̃ɡle#
1133,#st̪rˈeːn̪ɑm#,#et̪ʁɛ̃n̪#,#et̪ʁɛn̪#
1134,#st̪rˈikt̪ɑm#,#et̪ʁwat̪#,#et̪ʁwat̪#
1135,#st̪rˈikt̪um#,#et̪ʁwa#,#et̪ʁwa#
1136,#st̪ˌurn̪ˈellum#,#et̪uʁn̪ɛl#,#et̪uʁn̪o#
1137,#sˈuɑ#,#sœ#,#sø#
1138,#suˌɑ#,#sa#,#sa#
1139,#suˌɑːs#,#sa#,#sɛ#
1140,#sˌubd̪iˈurn̪um#,#sʒuʁ#,#seʒuʁ#
1141,#sˌubit̪ˈɑːn̪um#,#sud̪ɛ̃#,#sud̪ɛ̃#
1142,#sˌublˈon̪ɡum#,#sublɔ̃#,#səlɔ̃#
1143,#sˌuːd̪ˈɑːre#,#syɛʁ#,#sɥe#
1144,#sˌuːd̪ˈɑːrium#,#sɥiɛʁ#,#sɥɛʁ#
1145,#sˈuːd̪iɑm#,#syj#,#sɥi#
1146,#sˌuːd̪ˈoːrem#,#syœʁ#,#sɥœʁ#
1147,#suˌessiˈoːn̪is#,#swasɔ̃#,#swasɔ̃#
1148,#sˈukkum#,#sɔk#,#sɔk#
1149,#sˈummɑm#,#sɔ̃m#,#som#
1150,#sˌummˈɑːrium#,#sɔ̃mjɛʁ#,#sɔmje#
1151,#sˈun̪t̪#,#sɔ̃#,#sɔ̃#
1152,#sˌuperˈɑːn̪um#,#suvʁɛ̃#,#suvʁɛ̃#
1153,#sˌuperkˈilium#,#suwʁsi#,#suʁsi#
1154,#sˈuppɑm#,#sup#,#sup#
1155,#sˈurd̪ɑm#,#suʁd̪#,#suʁd̪#
1156,#sˈurd̪um#,#suʁ#,#suʁ#
1157,#sˈuːrsum#,#sy#,#sy#
1158,#sˌuspekt̪iˈoːn̪em#,#supsɔ̃#,#supsɔ̃#
1159,#suˌum#,#sɔ̃#,#sɔ̃#
1160,#t͡srˈokn̪ɑm#,#fʁɔ̃ɲ#,#fʁɔɲə#
1161,#t͡sˈukkɑm#,#suʃ#,#suʃ#
1162,#t̪ˌɑbˈern̪ɑm#,#t̪avɛʁn̪#,#t̪avɛʁn̪#
1163,#t̪ˌɑbˈoːn̪em#,#t̪ɔ̃#,#t̪ɑ̃#
1164,#t̪ˈɑbulɑm#,#t̪abl#,#t̪abl#
1165,#t̪ˈɑkkɑm#,#t̪aʃ#,#t̪aʃ#
1166,#t̪ˌɑkkˈoːn̪em#,#t̪akɔ̃#,#t̪akɔ̃#
1167,#t̪ˌɑksoːn̪ˈɑːriɑm#,#t̪ɛn̪jɛʁ#,#t̪an̪jɛʁ#
1168,#t̪ˌɑksˈoːn̪em#,#t̪ɛsɔ̃#,#t̪ɛsɔ̃#
1169,#t̪ˌɑkˈuːt̪um#,#t̪y#,#t̪y#
1170,#t̪ˈɑːlem#,#t̪ɛl#,#t̪ɛl#
1171,#t̪ˌɑliˈɑːre#,#t̪ajɛʁ#,#t̪aje#
1172,#t̪ˌɑlˈoːn̪em#,#t̪alɔ̃#,#t̪alɔ̃#
1173,#t̪ˈɑlpɑm#,#t̪op#,#t̪op#
1174,#t̪ˌɑlˈuːt̪um#,#t̪aly#,#t̪aly#
1175,#t̪ˌɑmˈesium#,#t̪ami#,#t̪ami#
1176,#t̪ˈɑn̪n̪um#,#t̪ɑ̃#,#t̪ɑ̃#
1177,#t̪ˈɑn̪t̪um#,#t̪ɑ̃#,#t̪ɑ̃#
1178,#t̪ˈɑrd̪ɑm#,#t̪aʁd̪#,#t̪aʁd̪#
1179,#t̪ˈɑrd̪um#,#t̪aʁ#,#t̪aʁ#
1180,#t̪ˈeː#,#t̪wa#,#t̪wa#
1181,#t̪ʰˈeːkɑm#,#t̪ɛ#,#t̪ɛ#
1182,#t̪ˈeːkt̪um#,#t̪wa#,#t̪wa#
1183,#t̪ˈeːlɑm#,#t̪wal#,#t̪wal#
1184,#t̪ˌempˈest̪ɑ#,#t̪ɑ̃pɛt̪#,#t̪ɑ̃pɛt̪#
1185,#t̪ˈempus#,#t̪ɑ̃#,#t̪ɑ̃#
1186,#t̪ˌen̪ˈɑkulɑ#,#t̪ə̃n̪ɑj#,#t̪ən̪aj#
1187,#t̪ˈen̪d̪ere#,#t̪ɑ̃d̪ʁ#,#t̪ɑ̃d̪ʁ#
1188,#t̪ˈen̪eɑt̪#,#t̪jɛ̃ɲ#,#t̪jɛn̪#
1189,#t̪ˈen̪en̪t̪#,#t̪jɛn̪?#,#t̪jɛn̪#
1190,#t̪ˈen̪eo#,#t̪jɛ̃#,#t̪jɛ̃#
1191,#t̪ˈen̪erum#,#t̪ɑ̃d̪ʁ#,#t̪ɑ̃d̪ʁ#
1192,#t̪ˈen̪et#,#t̪jɛ̃#,#t̪jɛ̃#
1193,#t̪ˌen̪ˈiːre#,#t̪ə̃n̪iʁ#,#t̪ən̪iʁ#
1194,#t̪ˈeːn̪sɑm#,#t̪waz#,#t̪waz#
1195,#t̪ˌen̪t̪iˈɑːre#,#t̪ɑ̃sɛʁ#,#t̪ɑ̃se#
1196,#t̪ˈepid̪um#,#t̪jɛd̪#,#t̪jɛd̪#
1197,#t̪ˌerrˈeːn̪um#,#t̪ʁɛ̃#,#t̪əʁɛ̃#
1198,#t̪ˈerrɑm#,#t̪ɛʁ#,#t̪ɛʁ#
1199,#t̪ˈert̪iɑm#,#t̪jɛʁs#,#t̪jɛʁs#
1200,#t̪ˈert̪ium#,#t̪jɛʁ#,#t̪jɛʁ#
1201,#t̪ˌest̪imˈoːn̪ium#,#t̪ɛmwɛ̃#,#t̪emwɛ̃#
1202,#t̪ˈest̪ɑm#,#t̪ɛt̪#,#t̪ɛt̪#
1203,#t̪ˈest̪um#,#t̪ɛ#,#t̪ɛ#
1204,#t̪ˈiːbiɑm#,#t̪iʒ#,#t̪iʒ#
1205,#t̪ˌiːmˈoːn̪em#,#t̪imɔ̃#,#t̪imɔ̃#
1206,#t̪ˈin̪kɑm#,#t̪ɑ̃ʃ#,#t̪ɑ̃ʃ#
1207,#t̪ˌiːt̪iˈoːn̪em#,#t̪izɔ̃#,#t̪izɔ̃#
1208,#t̪ˌoːn̪siˈoːn̪em#,#t̪wazɔ̃#,#t̪wazɔ̃#
1209,#t̪ˈon̪it̪rum#,#t̪ɔn̪ɛʁ#,#t̪ɔn̪ɛʁ#
1210,#t̪ˈorkɑm#,#t̪ɔʁʃ#,#t̪ɔʁʃ#
1211,#t̪ˌormˈen̪t̪ɑ#,#t̪uʁmɑ̃t̪#,#t̪uʁmɑ̃t̪#
1212,#t̪ˌormˈen̪t̪um#,#t̪uʁmɑ̃#,#t̪uʁmɑ̃#
1213,#t̪ˌorn̪ˈɑːre#,#t̪uʁn̪ɛʁ#,#t̪uʁn̪e#
1214,#t̪ˌorn̪ɑːt̪ˈuːrɑm#,#t̪uʁn̪yʁ#,#t̪uʁn̪yʁ#
1215,#t̪ˈorsum#,#t̪ɔʁ#,#t̪ɔʁ#
1216,#t̪ˌort̪ˈiːkium#,#t̪ɔʁt̪i#,#t̪ɔʁt̪i#
1217,#t̪ˈort̪um#,#t̪ɔʁ#,#t̪ɔʁ#
1218,#t̪ˌort̪ˈuːrɑm#,#t̪ɔʁt̪yʁ#,#t̪ɔʁt̪yʁ#
1219,#t̪ˈost̪um#,#t̪o#,#t̪o#
1220,#t̪ˈoːt̪t̪ɑm#,#t̪ut̪#,#t̪ut̪#
1221,#t̪ˈoːt̪t̪ɑːs#,#t̪ut̪#,#t̪ut̪#
1222,#t̪ˈoːt̪t̪oːs#,#t̪u#,#t̪us#
1223,#t̪ˈoːt̪t̪um#,#t̪ɔ#,#t̪u#
1224,#t̪rˈɑːd̪it̪or#,#t̪ʁat̪ʁ#,#t̪ʁɛt̪ʁ#
1225,#t̪rˈɑɡere#,#t̪ʁɛʁ#,#t̪ʁɛʁ#
1226,#t̪rˌɑkt̪ˈɑːre#,#t̪ʁɛt̪ɛʁ#,#t̪ʁɛt̪e#
1227,#t̪rˈɑkt̪um#,#t̪ʁɛ#,#t̪ʁɛ#
1228,#t̪rˈɑːn̪s#,#t̪ʁɛ#,#t̪ʁɛ#
1229,#t̪rˌɑːn̪st̪ˈillɑm#,#t̪ʁɑt̪ɛl#,#t̪ʁet̪o#
1230,#t̪rˈɑwkum#,#t̪ʁu#,#t̪ʁu#
1231,#t̪rˌemulˈɑːre#,#t̪ʁɑ̃blɛʁ#,#t̪ʁɑ̃ble#
1232,#t̪rˈemulum#,#t̪ʁɑ̃bl#,#t̪ʁɑ̃bl#
1233,#t̪rˈeːs#,#t̪ʁwa#,#t̪ʁwa#
1234,#t̪rˈiɸɸolum#,#t̪ʁɛfl#,#t̪ʁɛfl#
1235,#t̪rˌiɡˈin̪t̪ɑm#,#t̪ʁɑ̃t̪#,#t̪ʁɑ̃t̪#
1236,#t̪rˈikɑssae̯#,#t̪ʁwas#,#t̪ʁwa#
1237,#t̪rˈikʰilɑ#,#t̪ʁɛj#,#t̪ʁɛj#
1238,#t̪rˌimˈod̪iɑm#,#t̪ʁə̃mɥi#,#t̪ʁemi#
1239,#t̪rˌin̪kˈɑːre#,#t̪ʁɑ̃ʃɛʁ#,#t̪ʁɑ̃ʃe#
1240,#t̪rˈoɡiɑm#,#t̪ʁɥi#,#t̪ʁɥi#
1241,#t̪rˈokt̪ɑm#,#t̪ʁɥit̪#,#t̪ʁɥit̪#
1242,#t̪rˌopˈɑːre#,#t̪ʁuvɛʁ#,#t̪ʁuve#
1243,#t̪rˌopɑːt̪ˈoːrem#,#t̪ʁuvœ#,#t̪ʁuvœʁ#
1244,#t̪rˌuːɡˈɑn̪t̪um#,#t̪ʁyɑ̃#,#t̪ʁyɑ̃#
1245,#t̪rˈuɡn̪ɑm#,#t̪ʁɔ̃ɲ#,#t̪ʁɔɲ#
1246,#t̪rˈun̪kum#,#t̪ʁɔ̃#,#t̪ʁɔ̃#
1247,#t̪ˈuː#,#t̪y#,#t̪y#
1248,#t̪uˌɑ#,#t̪a#,#t̪a#
1249,#t̪uˌɑːs#,#t̪a#,#t̪e#
1250,#t̪ˌurbulˈɑːre#,#t̪uʁblɛʁ#,#t̪ʁuble#
1251,#t̪ˈun̪n̪ɑm#,#t̪ɔ̃n̪#,#t̪ɔn̪#
1252,#t̪ˈurrem#,#t̪uʁ#,#t̪uʁ#
1253,#t̪ˈurt̪ɑm#,#t̪uʁt̪#,#t̪uʁt̪#
1254,#t̪ˌurt̪urˈellɑm#,#t̪uʁt̪ʁɛl#,#t̪uʁt̪əʁɛl#
1255,#t̪ˈussem#,#t̪u#,#t̪u#
1256,#t̪uˌum#,#t̪ɔ̃#,#t̪ɔ̃#
1257,#ˌubiː#,#uf#,#u#
1258,#ˈumbrɑm#,#ɔ̃bʁ#,#ɔ̃bʁ#
1259,#ˈumkwɑm#,#ɔ̃k#,#ɔ̃k#
1260,#ˈuːn̪ɑm#,#yn̪#,#yn̪#
1261,#ˈun̪d̪ɑm#,#ɔ̃d̪#,#ɔ̃d̪#
1262,#ˈun̪d̪ekim#,#ɔ̃z#,#ɔ̃z#
1263,#ˌun̪iˈoːn̪em#,#ɔɲɔ̃#,#ɔɲɔ̃#
1264,#ˈun̪ɡulɑm#,#ɔ̃ɡl#,#ɔ̃ɡl#
1265,#ˈun̪kiɑm#,#ɔ̃s#,#ɔ̃s#
1266,#ˈuːn̪um#,#œ̃#,#œ̃#
1267,#ˈursɑm#,#uʁs#,#uʁs#
1268,#ˈursum#,#uʁ#,#uʁs#
1269,#ˈuːst̪ium#,#ɥi#,#ɥi#
1270,#wˌɑlˈen̪t̪iɑm#,#valɑ̃s#,#valɑ̃s#
1271,#wˌɑlˈeːre#,#valwaʁ#,#valwaʁ#
1272,#wˈɑllem#,#val#,#val#
1273,#wˈɑlleːs#,#vo#,#vo#
1274,#wˌɑlˈoːrem#,#valœ#,#valœʁ#
1275,#wˈɑkkɑm#,#vaʃ#,#vaʃ#
1276,#wˈɑːn̪ɑm#,#vɛ̃n̪#,#vɛn̪#
1277,#wˌɑːn̪it̪ˈɑːre#,#vɑ̃t̪ɛʁ#,#vɑ̃t̪e#
1278,#wˌɑn̪n̪elum#,#vɑ̃l#,#van̪o#
1279,#wˈɑːn̪um#,#vɛ̃#,#vɛ̃#
1280,#wˈɑrium#,#vɛʁ#,#vɛʁ#
1281,#wˌɑrrˈen̪n̪ɑm#,#vaʁɑ̃n̪#,#vaʁɛn̪#
1282,#wˌɑːskˈellɑm#,#vɛsɛl#,#vesɛl#
1283,#wˌɑːskˈellum#,#vɛsɛl#,#veso#
1284,#wˈɑssellˌit̪um#,#vɑle#,#vale#
1285,#wˌeːkˈiːn̪ɑm#,#vwazin̪#,#vwazin̪#
1286,#wˌeːkˈiːn̪um#,#vwazɛ̃#,#vwazɛ̃#
1287,#wˈekt̪em#,#vi#,#vi#
1288,#wˌekt̪ˈuːrɑm#,#vwat̪yʁ#,#vwat̪yʁ#
1289,#wˈeːlɑm#,#vwal#,#vwal#
1290,#wˈelt̪rɑɡum#,#vot̪ʁ#,#vot̪ʁ#
1291,#wˌeːn̪ɑːt̪ˈoːrem#,#və̃n̪œ#,#vən̪œʁ#
1292,#wˈen̪d̪ere#,#vɑ̃d̪ʁ#,#vɑ̃d̪ʁ#
1293,#wˌen̪erisd̪ˈiːem#,#vɑ̃d̪ʁəd̪i#,#vɑ̃d̪ʁəd̪i#
1294,#wˌen̪ˈiːre#,#və̃n̪iʁ#,#vən̪iʁ#
1295,#wˈen̪n̪ɑm#,#vɑ̃n̪#,#van̪#
1296,#wˈen̪t̪um#,#vɑ̃#,#vɑ̃#
1297,#wˈeːrɑ#,#vwaʁ#,#vwaʁ#
1298,#wˌeːrˈɑːkɑm#,#vʁɛ#,#vʁɛ#
1299,#wˌeːrˈɑːkum#,#vʁej#,#vʁɛ#
1300,#wˌerbˈeːn̪ae̯#,#vɛʁbwɛ̃#,#vɛʁvɛn̪#
1301,#wˌereːkˈun̪d̪iɑm#,#vɛʁɡɔ̃ɲ#,#vɛʁɡɔɲ#
1302,#wˌermˈikulum#,#vɛʁmɛj#,#vɛʁmɛj#
1303,#wˈern̪um#,#vɛʁn̪#,#vɛʁn̪#
1304,#wˌerrˈuːkɑm#,#veʁy#,#veʁy#
1305,#wˈersum#,#vɛʁ#,#vɛʁ#
1306,#wˌert̪ɑbˈellɑm#,#vɛʁt̪əvɛl#,#vɛʁt̪əvɛl#
1307,#wˈerwɑm#,#vɛʁv#,#vɛʁv#
1308,#wˌest̪iːmˈen̪t̪um#,#vɛmɑ̃#,#vɛt̪mɑ̃#
1309,#wˌest̪ˈiːre#,#vɛt̪iʁ#,#vet̪iʁ#
1310,#wˈet̪ulɑm#,#vjɛj#,#vjɛj#
1311,#wˈet̪ulɑːs#,#vjɛj#,#vjɛj#
1312,#wˈet̪uloːs#,#vjœ#,#vjø#
1313,#wˈet̪ulum#,#vjɛj#,#vjɛj#
1314,#wˈet̪ulus#,#vjœ#,#vjø#
1315,#wˈiɑm#,#vwa#,#vwa#
1316,#wˌiˈɑːt̪ikum#,#vwajaʒ#,#vwajaʒ#
1317,#wˌid̪ˈeːre#,#vwaʁ#,#vwaʁ#
1318,#wˌid̪ˈubium#,#vuʒ#,#vuʒ#
1319,#wˈid̪wɑm#,#vɛv#,#vœv#
1320,#wˈid̪wum#,#vɛf#,#vœf#
1321,#wˌiɡilˈɑːre#,#vɛjɛʁ#,#veje#
1322,#wˌiɡˈiliɑm#,#vɛj#,#vɛj#
1323,#wˌiːɡˈin̪t̪i#,#viɛ̃#,#vɛ̃#
1324,#wˌikˈɑːrium#,#vwajɛʁ#,#vwaje#
1325,#wˈiːlem#,#vi#,#vil#
1326,#wˈiːllɑm#,#vil#,#vil#
1327,#wˌiːllˈɑːn̪ɑm#,#vilɛ̃n̪#,#vilɛn̪#
1328,#wˌiːllˈɑːn̪um#,#vilɛ̃#,#vilɛ̃#
1329,#wˌillˈuːt̪ɑm#,#vly#,#vəly#
1330,#wˌillˈuːt̪um#,#vly#,#vəly#
1331,#wˌin̪d̪ˈeːmiɑm#,#vɑ̃d̪ɑ̃ʒ#,#vɑ̃d̪ɑ̃ʒ#
1332,#wˌin̪d̪ˈeːsiɑm#,#vɑ̃d̪waz#,#vɑ̃d̪waz#
1333,#wˌin̪d̪ikˈɑːre#,#vɑ̃ʒɛʁ#,#vɑ̃ʒe#
1334,#wˈiːn̪eɑm#,#viɲ#,#viɲ#
1335,#wˈiːn̪um#,#vɛ̃#,#vɛ̃#
1336,#wˌiːrˈɑːre#,#viʁɛʁ#,#viʁe#
1337,#wˈirɡɑm#,#vɛʁʒ#,#vɛʁʒ#
1338,#wˈirid̪em#,#vɛʁ#,#vɛʁ#
1339,#wˌirt̪ˈuːt̪em#,#vɛʁt̪y#,#vɛʁt̪y#
1340,#wˈiːt̪ɑm#,#vi#,#vi#
1341,#wˌit̪ˈellum#,#vɛl#,#vo#
1342,#wˈit̪rum#,#vɛʁ#,#vɛʁ#
1343,#wˈiːwɑm#,#viv#,#viv#
1344,#wˌiːwˈɑn̪d̪ɑm#,#vivɑ̃d̪#,#vjɑ̃d̪#
1345,#wˈiːwere#,#vivʁ#,#vivʁ#
1346,#wˈiːwum#,#vif#,#vif#
1347,#wˌolˈɑːt̪ikum#,#vɔlaʒ#,#volaʒ#
1348,#wˌolˈeːre#,#vulwaʁ#,#vulwaʁ#
1349,#wˌolˌon̪t̪ˈɑːt̪em#,#vulɔ̃t̪e#,#volɔ̃t̪e#
1350,#wˈolwit̪ɑm#,#vut̪#,#vut̪#
1351,#wˌokit̪ˈɑːre#,#vɥid̪ɛʁ#,#vid̪e#
1352,#wˌoːs#,#vu#,#vu#
1353,#wˈost̪rɑ#,#vɔt̪ʁ#,#vɔt̪ʁ#
1354,#wˈost̪rum#,#vɔt̪ʁ#,#vɔt̪ʁ#
1355,#wˌoːt̪ˈɑːre#,#vuɛʁ#,#vwe#
1356,#wˈoːt̪um#,#vœ#,#vø#